"Datos","Modelo","alpha","S","n","Var","q","loc","stdev","Cor","delta","lambda","MANTA_col","Pot_MANTA","tcomp_MANTA","MANOVA_col","Pot_MANOVA","tcomp_MANOVA","δ Potencia (%)","RPD Potencia (%)"
"Datos sin transformar","mvnorm",0.05,1000,300,"equal",3,NA,NA,0,0,1000,"MANTA",0.064,1.07632160186768,"MANOVA",0.071,0.645173072814941,0.699999999999999,10.3703703703704
"Transformación logarítmica","mvnorm",0.05,1000,300,"equal",3,NA,NA,0,0,1000,"MANTA",0.101,1.09433269500732,"MANOVA",0.134,0.68796181678772,3.3,28.0851063829787
"Transformación Centered Log Ratio (clr)","mvnorm",0.05,1000,300,"equal",3,NA,NA,0,0,1000,"MANTA",0.887,1.87652587890625,"MANOVA",0.967,0.780694484710693,8,8.62998921251348
"Transformación raíz cuadrada","mvnorm",0.05,1000,300,"equal",3,NA,NA,0,0,1000,"MANTA",0.075,1.06309771537781,"MANOVA",0.096,0.668824911117554,2.1,24.5614035087719
"Escalado de datos por desviación típica","mvnorm",0.05,1000,300,"equal",3,NA,NA,0,0,1000,"MANTA",NA,NA,"MANOVA",NA,NA,NA,NA
"Normalización Min- Max","mvnorm",0.05,1000,300,"equal",3,NA,NA,0,0,1000,"MANTA",NA,NA,"MANOVA",NA,NA,NA,NA
"Datos sin transformar","mvnorm",0.05,1000,300,"equal",3,NA,NA,0,0.0175,1000,"MANTA",0.062,1.14983916282654,"MANOVA",0.062,0.67881965637207,0,0
"Transformación logarítmica","mvnorm",0.05,1000,300,"equal",3,NA,NA,0,0.0175,1000,"MANTA",0.132,1.07385516166687,"MANOVA",0.149,0.705746173858643,1.7,12.0996441281139
"Transformación Centered Log Ratio (clr)","mvnorm",0.05,1000,300,"equal",3,NA,NA,0,0.0175,1000,"MANTA",0.981,1.47194218635559,"MANOVA",0.999,0.759303092956543,1.8,1.81818181818182
"Transformación raíz cuadrada","mvnorm",0.05,1000,300,"equal",3,NA,NA,0,0.0175,1000,"MANTA",0.081,1.09842848777771,"MANOVA",0.086,0.684701919555664,0.499999999999999,5.9880239520958
"Escalado de datos por desviación típica","mvnorm",0.05,1000,300,"equal",3,NA,NA,0,0.0175,1000,"MANTA",NA,NA,"MANOVA",NA,NA,NA,NA
"Normalización Min- Max","mvnorm",0.05,1000,300,"equal",3,NA,NA,0,0.0175,1000,"MANTA",NA,NA,"MANOVA",NA,NA,NA,NA
"Datos sin transformar","mvnorm",0.05,1000,300,"equal",3,NA,NA,0,0.035,1000,"MANTA",0.069,1.07445240020752,"MANOVA",0.071,0.67500901222229,0.199999999999999,2.85714285714284
"Transformación logarítmica","mvnorm",0.05,1000,300,"equal",3,NA,NA,0,0.035,1000,"MANTA",0.133,1.07230758666992,"MANOVA",0.175,0.651871919631958,4.2,27.2727272727273
"Transformación Centered Log Ratio (clr)","mvnorm",0.05,1000,300,"equal",3,NA,NA,0,0.035,1000,"MANTA",0.981,1.43937182426453,"MANOVA",0.999,0.736352920532227,1.8,1.81818181818182
"Transformación raíz cuadrada","mvnorm",0.05,1000,300,"equal",3,NA,NA,0,0.035,1000,"MANTA",0.092,1.31945633888245,"MANOVA",0.1,0.652404069900513,0.800000000000001,8.33333333333334
"Escalado de datos por desviación típica","mvnorm",0.05,1000,300,"equal",3,NA,NA,0,0.035,1000,"MANTA",NA,NA,"MANOVA",NA,NA,NA,NA
"Normalización Min- Max","mvnorm",0.05,1000,300,"equal",3,NA,NA,0,0.035,1000,"MANTA",NA,NA,"MANOVA",NA,NA,NA,NA
"Datos sin transformar","mvnorm",0.05,1000,300,"equal",3,NA,NA,0,0.0525,1000,"MANTA",0.075,1.06824922561646,"MANOVA",0.088,0.70805287361145,1.3,15.9509202453988
"Transformación logarítmica","mvnorm",0.05,1000,300,"equal",3,NA,NA,0,0.0525,1000,"MANTA",0.144,1.08436346054077,"MANOVA",0.197,0.712560653686523,5.3,31.0850439882698
"Transformación Centered Log Ratio (clr)","mvnorm",0.05,1000,300,"equal",3,NA,NA,0,0.0525,1000,"MANTA",0.981,1.58922266960144,"MANOVA",0.999,0.746698379516602,1.8,1.81818181818182
"Transformación raíz cuadrada","mvnorm",0.05,1000,300,"equal",3,NA,NA,0,0.0525,1000,"MANTA",0.097,1.14848303794861,"MANOVA",0.125,0.680846929550171,2.8,25.2252252252252
"Escalado de datos por desviación típica","mvnorm",0.05,1000,300,"equal",3,NA,NA,0,0.0525,1000,"MANTA",NA,NA,"MANOVA",NA,NA,NA,NA
"Normalización Min- Max","mvnorm",0.05,1000,300,"equal",3,NA,NA,0,0.0525,1000,"MANTA",NA,NA,"MANOVA",NA,NA,NA,NA
"Datos sin transformar","mvnorm",0.05,1000,300,"equal",3,NA,NA,0,0.07,1000,"MANTA",0.083,1.12634801864624,"MANOVA",0.13,0.698223114013672,4.7,44.131455399061
"Transformación logarítmica","mvnorm",0.05,1000,300,"equal",3,NA,NA,0,0.07,1000,"MANTA",0.152,1.05259585380554,"MANOVA",0.222,0.925257921218872,7,37.4331550802139
"Transformación Centered Log Ratio (clr)","mvnorm",0.05,1000,300,"equal",3,NA,NA,0,0.07,1000,"MANTA",0.98,1.52981925010681,"MANOVA",0.999,0.766396045684814,1.9,1.92016169782719
"Transformación raíz cuadrada","mvnorm",0.05,1000,300,"equal",3,NA,NA,0,0.07,1000,"MANTA",0.106,1.08542108535767,"MANOVA",0.168,0.664709329605103,6.2,45.2554744525548
"Escalado de datos por desviación típica","mvnorm",0.05,1000,300,"equal",3,NA,NA,0,0.07,1000,"MANTA",NA,NA,"MANOVA",NA,NA,NA,NA
"Normalización Min- Max","mvnorm",0.05,1000,300,"equal",3,NA,NA,0,0.07,1000,"MANTA",NA,NA,"MANOVA",NA,NA,NA,NA
"Datos sin transformar","mvnorm",0.05,1000,300,"equal",3,NA,NA,0,0.0875,1000,"MANTA",0.101,1.06939244270325,"MANOVA",0.176,0.678976535797119,7.5,54.1516245487364
"Transformación logarítmica","mvnorm",0.05,1000,300,"equal",3,NA,NA,0,0.0875,1000,"MANTA",0.173,1.16554927825928,"MANOVA",0.265,0.693723440170288,9.2,42.0091324200913
"Transformación Centered Log Ratio (clr)","mvnorm",0.05,1000,300,"equal",3,NA,NA,0,0.0875,1000,"MANTA",0.98,1.44683694839478,"MANOVA",0.999,0.749661684036255,1.9,1.92016169782719
"Transformación raíz cuadrada","mvnorm",0.05,1000,300,"equal",3,NA,NA,0,0.0875,1000,"MANTA",0.126,1.05247044563293,"MANOVA",0.208,0.675073623657227,8.2,49.1017964071856
"Escalado de datos por desviación típica","mvnorm",0.05,1000,300,"equal",3,NA,NA,0,0.0875,1000,"MANTA",NA,NA,"MANOVA",NA,NA,NA,NA
"Normalización Min- Max","mvnorm",0.05,1000,300,"equal",3,NA,NA,0,0.0875,1000,"MANTA",NA,NA,"MANOVA",NA,NA,NA,NA
"Datos sin transformar","mvnorm",0.05,1000,300,"equal",3,NA,NA,0,0.105,1000,"MANTA",0.13,1.07656025886536,"MANOVA",0.233,0.821526288986206,10.3,56.7493112947658
"Transformación logarítmica","mvnorm",0.05,1000,300,"equal",3,NA,NA,0,0.105,1000,"MANTA",0.198,1.32624888420105,"MANOVA",0.309,0.67452335357666,11.1,43.7869822485207
"Transformación Centered Log Ratio (clr)","mvnorm",0.05,1000,300,"equal",3,NA,NA,0,0.105,1000,"MANTA",0.981,1.49768090248108,"MANOVA",0.999,0.82874059677124,1.8,1.81818181818182
"Transformación raíz cuadrada","mvnorm",0.05,1000,300,"equal",3,NA,NA,0,0.105,1000,"MANTA",0.158,1.05558609962463,"MANOVA",0.251,0.711483716964722,9.3,45.4767726161369
"Escalado de datos por desviación típica","mvnorm",0.05,1000,300,"equal",3,NA,NA,0,0.105,1000,"MANTA",NA,NA,"MANOVA",NA,NA,NA,NA
"Normalización Min- Max","mvnorm",0.05,1000,300,"equal",3,NA,NA,0,0.105,1000,"MANTA",NA,NA,"MANOVA",NA,NA,NA,NA
"Datos sin transformar","mvnorm",0.05,1000,300,"equal",3,NA,NA,0,0.1225,1000,"MANTA",0.165,1.09900236129761,"MANOVA",0.306,0.687244653701782,14.1,59.8726114649682
"Transformación logarítmica","mvnorm",0.05,1000,300,"equal",3,NA,NA,0,0.1225,1000,"MANTA",0.24,1.07029795646667,"MANOVA",0.375,0.684434413909912,13.5,43.9024390243902
"Transformación Centered Log Ratio (clr)","mvnorm",0.05,1000,300,"equal",3,NA,NA,0,0.1225,1000,"MANTA",0.981,1.44970178604126,"MANOVA",0.999,0.748376369476318,1.8,1.81818181818182
"Transformación raíz cuadrada","mvnorm",0.05,1000,300,"equal",3,NA,NA,0,0.1225,1000,"MANTA",0.194,1.17882227897644,"MANOVA",0.313,0.664616346359253,11.9,46.9428007889546
"Escalado de datos por desviación típica","mvnorm",0.05,1000,300,"equal",3,NA,NA,0,0.1225,1000,"MANTA",NA,NA,"MANOVA",NA,NA,NA,NA
"Normalización Min- Max","mvnorm",0.05,1000,300,"equal",3,NA,NA,0,0.1225,1000,"MANTA",NA,NA,"MANOVA",NA,NA,NA,NA
"Datos sin transformar","mvnorm",0.05,1000,300,"equal",3,NA,NA,0,0.14,1000,"MANTA",0.216,1.09730410575867,"MANOVA",0.385,0.678214311599731,16.9,56.2396006655574
"Transformación logarítmica","mvnorm",0.05,1000,300,"equal",3,NA,NA,0,0.14,1000,"MANTA",0.288,1.12342834472656,"MANOVA",0.449,0.700548887252808,16.1,43.6906377204885
"Transformación Centered Log Ratio (clr)","mvnorm",0.05,1000,300,"equal",3,NA,NA,0,0.14,1000,"MANTA",0.981,1.53683710098267,"MANOVA",0.999,0.780966997146606,1.8,1.81818181818182
"Transformación raíz cuadrada","mvnorm",0.05,1000,300,"equal",3,NA,NA,0,0.14,1000,"MANTA",0.231,1.05751371383667,"MANOVA",0.402,0.706707239151001,17.1,54.0284360189574
"Escalado de datos por desviación típica","mvnorm",0.05,1000,300,"equal",3,NA,NA,0,0.14,1000,"MANTA",NA,NA,"MANOVA",NA,NA,NA,NA
"Normalización Min- Max","mvnorm",0.05,1000,300,"equal",3,NA,NA,0,0.14,1000,"MANTA",NA,NA,"MANOVA",NA,NA,NA,NA
"Datos sin transformar","mvnorm",0.05,1000,300,"equal",3,NA,NA,0,0.1575,1000,"MANTA",0.279,1.1258749961853,"MANOVA",0.455,0.688808441162109,17.6,47.9564032697548
"Transformación logarítmica","mvnorm",0.05,1000,300,"equal",3,NA,NA,0,0.1575,1000,"MANTA",0.348,1.12608361244202,"MANOVA",0.52,0.684623956680298,17.2,39.63133640553
"Transformación Centered Log Ratio (clr)","mvnorm",0.05,1000,300,"equal",3,NA,NA,0,0.1575,1000,"MANTA",0.981,1.51015114784241,"MANOVA",0.999,0.767127275466919,1.8,1.81818181818182
"Transformación raíz cuadrada","mvnorm",0.05,1000,300,"equal",3,NA,NA,0,0.1575,1000,"MANTA",0.296,1.22656106948853,"MANOVA",0.484,0.946365833282471,18.8,48.2051282051282
"Escalado de datos por desviación típica","mvnorm",0.05,1000,300,"equal",3,NA,NA,0,0.1575,1000,"MANTA",NA,NA,"MANOVA",NA,NA,NA,NA
"Normalización Min- Max","mvnorm",0.05,1000,300,"equal",3,NA,NA,0,0.1575,1000,"MANTA",NA,NA,"MANOVA",NA,NA,NA,NA
"Datos sin transformar","mvnorm",0.05,1000,300,"equal",3,NA,NA,0,0.175,1000,"MANTA",0.35,1.09294247627258,"MANOVA",0.548,0.720734119415283,19.8,44.097995545657
"Transformación logarítmica","mvnorm",0.05,1000,300,"equal",3,NA,NA,0,0.175,1000,"MANTA",0.409,1.10420155525208,"MANOVA",0.589,0.710146903991699,18,36.0721442885771
"Transformación Centered Log Ratio (clr)","mvnorm",0.05,1000,300,"equal",3,NA,NA,0,0.175,1000,"MANTA",0.981,1.51092767715454,"MANOVA",0.999,0.770379543304443,1.8,1.81818181818182
"Transformación raíz cuadrada","mvnorm",0.05,1000,300,"equal",3,NA,NA,0,0.175,1000,"MANTA",0.366,1.12615132331848,"MANOVA",0.568,0.751495599746704,20.2,43.254817987152
"Escalado de datos por desviación típica","mvnorm",0.05,1000,300,"equal",3,NA,NA,0,0.175,1000,"MANTA",NA,NA,"MANOVA",NA,NA,NA,NA
"Normalización Min- Max","mvnorm",0.05,1000,300,"equal",3,NA,NA,0,0.175,1000,"MANTA",NA,NA,"MANOVA",NA,NA,NA,NA
"Datos sin transformar","mvnorm",0.05,1000,300,"equal",3,NA,NA,0,0.1925,1000,"MANTA",0.427,1.10664677619934,"MANOVA",0.627,0.67957615852356,20,37.9506641366224
"Transformación logarítmica","mvnorm",0.05,1000,300,"equal",3,NA,NA,0,0.1925,1000,"MANTA",0.495,1.11088490486145,"MANOVA",0.657,0.683382034301758,16.2,28.125
"Transformación Centered Log Ratio (clr)","mvnorm",0.05,1000,300,"equal",3,NA,NA,0,0.1925,1000,"MANTA",0.98,1.48116779327393,"MANOVA",0.999,0.78482460975647,1.9,1.92016169782719
"Transformación raíz cuadrada","mvnorm",0.05,1000,300,"equal",3,NA,NA,0,0.1925,1000,"MANTA",0.432,1.19908285140991,"MANOVA",0.635,0.713371515274048,20.3,38.0506091846298
"Escalado de datos por desviación típica","mvnorm",0.05,1000,300,"equal",3,NA,NA,0,0.1925,1000,"MANTA",NA,NA,"MANOVA",NA,NA,NA,NA
"Normalización Min- Max","mvnorm",0.05,1000,300,"equal",3,NA,NA,0,0.1925,1000,"MANTA",NA,NA,"MANOVA",NA,NA,NA,NA
"Datos sin transformar","mvnorm",0.05,1000,300,"equal",3,NA,NA,0,0.21,1000,"MANTA",0.501,1.08038449287415,"MANOVA",0.693,0.703197479248047,19.2,32.1608040201005
"Transformación logarítmica","mvnorm",0.05,1000,300,"equal",3,NA,NA,0,0.21,1000,"MANTA",0.556,1.11425852775574,"MANOVA",0.71,0.697238206863403,15.4,24.3285939968404
"Transformación Centered Log Ratio (clr)","mvnorm",0.05,1000,300,"equal",3,NA,NA,0,0.21,1000,"MANTA",0.978,1.53233933448792,"MANOVA",0.999,1.01519775390625,2.1,2.12443095599393
"Transformación raíz cuadrada","mvnorm",0.05,1000,300,"equal",3,NA,NA,0,0.21,1000,"MANTA",0.521,1.05403184890747,"MANOVA",0.702,0.703303575515747,18.1,29.5993458708095
"Escalado de datos por desviación típica","mvnorm",0.05,1000,300,"equal",3,NA,NA,0,0.21,1000,"MANTA",NA,NA,"MANOVA",NA,NA,NA,NA
"Normalización Min- Max","mvnorm",0.05,1000,300,"equal",3,NA,NA,0,0.21,1000,"MANTA",NA,NA,"MANOVA",NA,NA,NA,NA
"Datos sin transformar","mvnorm",0.05,1000,300,"equal",3,NA,NA,0,0.2275,1000,"MANTA",0.584,1.07881760597229,"MANOVA",0.754,0.743950843811035,17,25.4110612855008
"Transformación logarítmica","mvnorm",0.05,1000,300,"equal",3,NA,NA,0,0.2275,1000,"MANTA",0.633,1.0785665512085,"MANOVA",0.779,0.710642099380493,14.6,20.6798866855524
"Transformación Centered Log Ratio (clr)","mvnorm",0.05,1000,300,"equal",3,NA,NA,0,0.2275,1000,"MANTA",0.978,1.49544858932495,"MANOVA",0.999,0.74944543838501,2.1,2.12443095599393
"Transformación raíz cuadrada","mvnorm",0.05,1000,300,"equal",3,NA,NA,0,0.2275,1000,"MANTA",0.599,1.10185551643372,"MANOVA",0.747,0.662102699279785,14.8,21.9910846953938
"Escalado de datos por desviación típica","mvnorm",0.05,1000,300,"equal",3,NA,NA,0,0.2275,1000,"MANTA",NA,NA,"MANOVA",NA,NA,NA,NA
"Normalización Min- Max","mvnorm",0.05,1000,300,"equal",3,NA,NA,0,0.2275,1000,"MANTA",NA,NA,"MANOVA",NA,NA,NA,NA
"Datos sin transformar","mvnorm",0.05,1000,300,"equal",3,NA,NA,0,0.245,1000,"MANTA",0.666,1.08974003791809,"MANOVA",0.792,0.994886875152588,12.6,17.283950617284
"Transformación logarítmica","mvnorm",0.05,1000,300,"equal",3,NA,NA,0,0.245,1000,"MANTA",0.703,1.06786799430847,"MANOVA",0.823,0.704908609390259,12,15.7273918741809
"Transformación Centered Log Ratio (clr)","mvnorm",0.05,1000,300,"equal",3,NA,NA,0,0.245,1000,"MANTA",0.978,1.47346782684326,"MANOVA",0.999,0.799394845962524,2.1,2.12443095599393
"Transformación raíz cuadrada","mvnorm",0.05,1000,300,"equal",3,NA,NA,0,0.245,1000,"MANTA",0.679,1.065753698349,"MANOVA",0.801,0.697531938552856,12.2,16.4864864864865
"Escalado de datos por desviación típica","mvnorm",0.05,1000,300,"equal",3,NA,NA,0,0.245,1000,"MANTA",NA,NA,"MANOVA",NA,NA,NA,NA
"Normalización Min- Max","mvnorm",0.05,1000,300,"equal",3,NA,NA,0,0.245,1000,"MANTA",NA,NA,"MANOVA",NA,NA,NA,NA
"Datos sin transformar","mvnorm",0.05,1000,300,"equal",3,NA,NA,0,0.2625,1000,"MANTA",0.747,1.09589600563049,"MANOVA",0.834,0.703075170516968,8.7,11.0056925996205
"Transformación logarítmica","mvnorm",0.05,1000,300,"equal",3,NA,NA,0,0.2625,1000,"MANTA",0.773,1.08785486221313,"MANOVA",0.858,0.687889337539673,8.5,10.4230533415083
"Transformación Centered Log Ratio (clr)","mvnorm",0.05,1000,300,"equal",3,NA,NA,0,0.2625,1000,"MANTA",0.98,1.54241919517517,"MANOVA",0.999,0.768975257873535,1.9,1.92016169782719
"Transformación raíz cuadrada","mvnorm",0.05,1000,300,"equal",3,NA,NA,0,0.2625,1000,"MANTA",0.754,1.0740487575531,"MANOVA",0.846,0.721682548522949,9.2,11.5
"Escalado de datos por desviación típica","mvnorm",0.05,1000,300,"equal",3,NA,NA,0,0.2625,1000,"MANTA",NA,NA,"MANOVA",NA,NA,NA,NA
"Normalización Min- Max","mvnorm",0.05,1000,300,"equal",3,NA,NA,0,0.2625,1000,"MANTA",NA,NA,"MANOVA",NA,NA,NA,NA
"Datos sin transformar","mvnorm",0.05,1000,300,"equal",3,NA,NA,0,0.28,1000,"MANTA",0.796,1.09393858909607,"MANOVA",0.868,0.754489183425903,7.2,8.65384615384615
"Transformación logarítmica","mvnorm",0.05,1000,300,"equal",3,NA,NA,0,0.28,1000,"MANTA",0.818,1.30085468292236,"MANOVA",0.902,0.695482015609741,8.40000000000001,9.76744186046512
"Transformación Centered Log Ratio (clr)","mvnorm",0.05,1000,300,"equal",3,NA,NA,0,0.28,1000,"MANTA",0.979,1.5238254070282,"MANOVA",0.999,0.766366004943848,2,2.02224469160769
"Transformación raíz cuadrada","mvnorm",0.05,1000,300,"equal",3,NA,NA,0,0.28,1000,"MANTA",0.81,1.09992957115173,"MANOVA",0.879,0.670203924179077,6.9,8.17051509769093
"Escalado de datos por desviación típica","mvnorm",0.05,1000,300,"equal",3,NA,NA,0,0.28,1000,"MANTA",NA,NA,"MANOVA",NA,NA,NA,NA
"Normalización Min- Max","mvnorm",0.05,1000,300,"equal",3,NA,NA,0,0.28,1000,"MANTA",NA,NA,"MANOVA",NA,NA,NA,NA
"Datos sin transformar","mvnorm",0.05,1000,300,"equal",3,NA,NA,0,0.2975,1000,"MANTA",0.845,1.11878705024719,"MANOVA",0.898,0.722124099731445,5.3,6.08146873207115
"Transformación logarítmica","mvnorm",0.05,1000,300,"equal",3,NA,NA,0,0.2975,1000,"MANTA",0.859,1.06840038299561,"MANOVA",0.921,0.70484471321106,6.2,6.96629213483147
"Transformación Centered Log Ratio (clr)","mvnorm",0.05,1000,300,"equal",3,NA,NA,0,0.2975,1000,"MANTA",0.98,1.46438217163086,"MANOVA",0.999,0.767354488372803,1.9,1.92016169782719
"Transformación raíz cuadrada","mvnorm",0.05,1000,300,"equal",3,NA,NA,0,0.2975,1000,"MANTA",0.846,1.08853888511658,"MANOVA",0.911,0.660456895828247,6.5,7.39897552646557
"Escalado de datos por desviación típica","mvnorm",0.05,1000,300,"equal",3,NA,NA,0,0.2975,1000,"MANTA",NA,NA,"MANOVA",NA,NA,NA,NA
"Normalización Min- Max","mvnorm",0.05,1000,300,"equal",3,NA,NA,0,0.2975,1000,"MANTA",NA,NA,"MANOVA",NA,NA,NA,NA
"Datos sin transformar","mvnorm",0.05,1000,300,"equal",3,NA,NA,0,0.315,1000,"MANTA",0.897,1.09125208854675,"MANOVA",0.926,0.705553531646729,2.9,3.1815688425672
"Transformación logarítmica","mvnorm",0.05,1000,300,"equal",3,NA,NA,0,0.315,1000,"MANTA",0.891,1.07910704612732,"MANOVA",0.937,0.706551313400269,4.6,5.0328227571116
"Transformación Centered Log Ratio (clr)","mvnorm",0.05,1000,300,"equal",3,NA,NA,0,0.315,1000,"MANTA",0.98,1.50426030158997,"MANOVA",0.999,0.767436742782593,1.9,1.92016169782719
"Transformación raíz cuadrada","mvnorm",0.05,1000,300,"equal",3,NA,NA,0,0.315,1000,"MANTA",0.892,1.15104413032532,"MANOVA",0.932,0.715072631835938,4,4.38596491228071
"Escalado de datos por desviación típica","mvnorm",0.05,1000,300,"equal",3,NA,NA,0,0.315,1000,"MANTA",NA,NA,"MANOVA",NA,NA,NA,NA
"Normalización Min- Max","mvnorm",0.05,1000,300,"equal",3,NA,NA,0,0.315,1000,"MANTA",NA,NA,"MANOVA",NA,NA,NA,NA
"Datos sin transformar","mvnorm",0.05,1000,300,"equal",3,NA,NA,0,0.3325,1000,"MANTA",0.928,1.05726003646851,"MANOVA",0.947,0.711715459823608,1.89999999999999,2.02666666666666
"Transformación logarítmica","mvnorm",0.05,1000,300,"equal",3,NA,NA,0,0.3325,1000,"MANTA",0.917,1.07111930847168,"MANOVA",0.957,0.705641746520996,3.99999999999999,4.26894343649946
"Transformación Centered Log Ratio (clr)","mvnorm",0.05,1000,300,"equal",3,NA,NA,0,0.3325,1000,"MANTA",0.981,1.52564859390259,"MANOVA",0.999,0.76669716835022,1.8,1.81818181818182
"Transformación raíz cuadrada","mvnorm",0.05,1000,300,"equal",3,NA,NA,0,0.3325,1000,"MANTA",0.924,1.18349862098694,"MANOVA",0.949,0.67125129699707,2.49999999999999,2.66951414842498
"Escalado de datos por desviación típica","mvnorm",0.05,1000,300,"equal",3,NA,NA,0,0.3325,1000,"MANTA",NA,NA,"MANOVA",NA,NA,NA,NA
"Normalización Min- Max","mvnorm",0.05,1000,300,"equal",3,NA,NA,0,0.3325,1000,"MANTA",NA,NA,"MANOVA",NA,NA,NA,NA
"Datos sin transformar","mvnorm",0.05,1000,300,"equal",3,NA,NA,0,0.35,1000,"MANTA",0.955,1.0828902721405,"MANOVA",0.96,0.685632944107056,0.5,0.522193211488251
"Transformación logarítmica","mvnorm",0.05,1000,300,"equal",3,NA,NA,0,0.35,1000,"MANTA",0.947,1.11328911781311,"MANOVA",0.966,0.67026424407959,1.9,1.98640878201778
"Transformación Centered Log Ratio (clr)","mvnorm",0.05,1000,300,"equal",3,NA,NA,0,0.35,1000,"MANTA",0.981,1.61776185035706,"MANOVA",0.999,0.741258144378662,1.8,1.81818181818182
"Transformación raíz cuadrada","mvnorm",0.05,1000,300,"equal",3,NA,NA,0,0.35,1000,"MANTA",0.946,1.15310120582581,"MANOVA",0.964,0.661943674087524,1.8,1.8848167539267
"Escalado de datos por desviación típica","mvnorm",0.05,1000,300,"equal",3,NA,NA,0,0.35,1000,"MANTA",NA,NA,"MANOVA",NA,NA,NA,NA
"Normalización Min- Max","mvnorm",0.05,1000,300,"equal",3,NA,NA,0,0.35,1000,"MANTA",NA,NA,"MANOVA",NA,NA,NA,NA
"Datos sin transformar","mvnorm",0.05,1000,300,"unequal",3,NA,NA,0,0,1000,"MANTA",0.064,1.1232602596283,"MANOVA",0.071,0.688163995742798,0.699999999999999,10.3703703703704
"Transformación logarítmica","mvnorm",0.05,1000,300,"unequal",3,NA,NA,0,0,1000,"MANTA",0.101,1.13638758659363,"MANOVA",0.134,0.728566408157349,3.3,28.0851063829787
"Transformación Centered Log Ratio (clr)","mvnorm",0.05,1000,300,"unequal",3,NA,NA,0,0,1000,"MANTA",0.887,2.03061175346375,"MANOVA",0.967,0.753320932388306,8,8.62998921251348
"Transformación raíz cuadrada","mvnorm",0.05,1000,300,"unequal",3,NA,NA,0,0,1000,"MANTA",0.075,1.11605095863342,"MANOVA",0.096,0.663383483886719,2.1,24.5614035087719
"Escalado de datos por desviación típica","mvnorm",0.05,1000,300,"unequal",3,NA,NA,0,0,1000,"MANTA",NA,NA,"MANOVA",NA,NA,NA,NA
"Normalización Min- Max","mvnorm",0.05,1000,300,"unequal",3,NA,NA,0,0,1000,"MANTA",NA,NA,"MANOVA",NA,NA,NA,NA
"Datos sin transformar","mvnorm",0.05,1000,300,"unequal",3,NA,NA,0,0.0175,1000,"MANTA",0.062,1.09299325942993,"MANOVA",0.062,0.684943199157715,0,0
"Transformación logarítmica","mvnorm",0.05,1000,300,"unequal",3,NA,NA,0,0.0175,1000,"MANTA",0.132,1.11299204826355,"MANOVA",0.149,0.670701742172241,1.7,12.0996441281139
"Transformación Centered Log Ratio (clr)","mvnorm",0.05,1000,300,"unequal",3,NA,NA,0,0.0175,1000,"MANTA",0.981,1.80096006393433,"MANOVA",0.999,0.794497013092041,1.8,1.81818181818182
"Transformación raíz cuadrada","mvnorm",0.05,1000,300,"unequal",3,NA,NA,0,0.0175,1000,"MANTA",0.081,1.0928430557251,"MANOVA",0.086,0.671624660491943,0.499999999999999,5.9880239520958
"Escalado de datos por desviación típica","mvnorm",0.05,1000,300,"unequal",3,NA,NA,0,0.0175,1000,"MANTA",NA,NA,"MANOVA",NA,NA,NA,NA
"Normalización Min- Max","mvnorm",0.05,1000,300,"unequal",3,NA,NA,0,0.0175,1000,"MANTA",NA,NA,"MANOVA",NA,NA,NA,NA
"Datos sin transformar","mvnorm",0.05,1000,300,"unequal",3,NA,NA,0,0.035,1000,"MANTA",0.069,1.09508895874023,"MANOVA",0.071,0.726113319396973,0.199999999999999,2.85714285714284
"Transformación logarítmica","mvnorm",0.05,1000,300,"unequal",3,NA,NA,0,0.035,1000,"MANTA",0.133,1.18996930122375,"MANOVA",0.175,0.662307739257812,4.2,27.2727272727273
"Transformación Centered Log Ratio (clr)","mvnorm",0.05,1000,300,"unequal",3,NA,NA,0,0.035,1000,"MANTA",0.981,1.48971033096313,"MANOVA",0.999,0.750417470932007,1.8,1.81818181818182
"Transformación raíz cuadrada","mvnorm",0.05,1000,300,"unequal",3,NA,NA,0,0.035,1000,"MANTA",0.092,1.09199357032776,"MANOVA",0.1,0.679540395736694,0.800000000000001,8.33333333333334
"Escalado de datos por desviación típica","mvnorm",0.05,1000,300,"unequal",3,NA,NA,0,0.035,1000,"MANTA",NA,NA,"MANOVA",NA,NA,NA,NA
"Normalización Min- Max","mvnorm",0.05,1000,300,"unequal",3,NA,NA,0,0.035,1000,"MANTA",NA,NA,"MANOVA",NA,NA,NA,NA
"Datos sin transformar","mvnorm",0.05,1000,300,"unequal",3,NA,NA,0,0.0525,1000,"MANTA",0.075,1.31374263763428,"MANOVA",0.088,0.678082704544067,1.3,15.9509202453988
"Transformación logarítmica","mvnorm",0.05,1000,300,"unequal",3,NA,NA,0,0.0525,1000,"MANTA",0.144,1.13564944267273,"MANOVA",0.197,0.698252439498901,5.3,31.0850439882698
"Transformación Centered Log Ratio (clr)","mvnorm",0.05,1000,300,"unequal",3,NA,NA,0,0.0525,1000,"MANTA",0.981,1.48969793319702,"MANOVA",0.999,0.794686794281006,1.8,1.81818181818182
"Transformación raíz cuadrada","mvnorm",0.05,1000,300,"unequal",3,NA,NA,0,0.0525,1000,"MANTA",0.097,1.15206050872803,"MANOVA",0.125,0.682403326034546,2.8,25.2252252252252
"Escalado de datos por desviación típica","mvnorm",0.05,1000,300,"unequal",3,NA,NA,0,0.0525,1000,"MANTA",NA,NA,"MANOVA",NA,NA,NA,NA
"Normalización Min- Max","mvnorm",0.05,1000,300,"unequal",3,NA,NA,0,0.0525,1000,"MANTA",NA,NA,"MANOVA",NA,NA,NA,NA
"Datos sin transformar","mvnorm",0.05,1000,300,"unequal",3,NA,NA,0,0.07,1000,"MANTA",0.083,1.08092951774597,"MANOVA",0.13,0.685643911361694,4.7,44.131455399061
"Transformación logarítmica","mvnorm",0.05,1000,300,"unequal",3,NA,NA,0,0.07,1000,"MANTA",0.152,1.09526538848877,"MANOVA",0.222,0.688613176345825,7,37.4331550802139
"Transformación Centered Log Ratio (clr)","mvnorm",0.05,1000,300,"unequal",3,NA,NA,0,0.07,1000,"MANTA",0.98,1.55834865570068,"MANOVA",0.999,0.759213209152222,1.9,1.92016169782719
"Transformación raíz cuadrada","mvnorm",0.05,1000,300,"unequal",3,NA,NA,0,0.07,1000,"MANTA",0.106,1.1216881275177,"MANOVA",0.168,0.684005737304688,6.2,45.2554744525548
"Escalado de datos por desviación típica","mvnorm",0.05,1000,300,"unequal",3,NA,NA,0,0.07,1000,"MANTA",NA,NA,"MANOVA",NA,NA,NA,NA
"Normalización Min- Max","mvnorm",0.05,1000,300,"unequal",3,NA,NA,0,0.07,1000,"MANTA",NA,NA,"MANOVA",NA,NA,NA,NA
"Datos sin transformar","mvnorm",0.05,1000,300,"unequal",3,NA,NA,0,0.0875,1000,"MANTA",0.101,1.07560086250305,"MANOVA",0.176,0.697393655776978,7.5,54.1516245487364
"Transformación logarítmica","mvnorm",0.05,1000,300,"unequal",3,NA,NA,0,0.0875,1000,"MANTA",0.173,1.10192918777466,"MANOVA",0.265,0.702234506607056,9.2,42.0091324200913
"Transformación Centered Log Ratio (clr)","mvnorm",0.05,1000,300,"unequal",3,NA,NA,0,0.0875,1000,"MANTA",0.98,1.60549688339233,"MANOVA",0.999,0.752671718597412,1.9,1.92016169782719
"Transformación raíz cuadrada","mvnorm",0.05,1000,300,"unequal",3,NA,NA,0,0.0875,1000,"MANTA",0.126,1.09033489227295,"MANOVA",0.208,0.664687395095825,8.2,49.1017964071856
"Escalado de datos por desviación típica","mvnorm",0.05,1000,300,"unequal",3,NA,NA,0,0.0875,1000,"MANTA",NA,NA,"MANOVA",NA,NA,NA,NA
"Normalización Min- Max","mvnorm",0.05,1000,300,"unequal",3,NA,NA,0,0.0875,1000,"MANTA",NA,NA,"MANOVA",NA,NA,NA,NA
"Datos sin transformar","mvnorm",0.05,1000,300,"unequal",3,NA,NA,0,0.105,1000,"MANTA",0.13,1.09917235374451,"MANOVA",0.233,0.685310125350952,10.3,56.7493112947658
"Transformación logarítmica","mvnorm",0.05,1000,300,"unequal",3,NA,NA,0,0.105,1000,"MANTA",0.198,1.12090587615967,"MANOVA",0.309,0.678205966949463,11.1,43.7869822485207
"Transformación Centered Log Ratio (clr)","mvnorm",0.05,1000,300,"unequal",3,NA,NA,0,0.105,1000,"MANTA",0.981,1.48726654052734,"MANOVA",0.999,0.82886004447937,1.8,1.81818181818182
"Transformación raíz cuadrada","mvnorm",0.05,1000,300,"unequal",3,NA,NA,0,0.105,1000,"MANTA",0.158,1.29388356208801,"MANOVA",0.251,0.678981304168701,9.3,45.4767726161369
"Escalado de datos por desviación típica","mvnorm",0.05,1000,300,"unequal",3,NA,NA,0,0.105,1000,"MANTA",NA,NA,"MANOVA",NA,NA,NA,NA
"Normalización Min- Max","mvnorm",0.05,1000,300,"unequal",3,NA,NA,0,0.105,1000,"MANTA",NA,NA,"MANOVA",NA,NA,NA,NA
"Datos sin transformar","mvnorm",0.05,1000,300,"unequal",3,NA,NA,0,0.1225,1000,"MANTA",0.165,1.10058879852295,"MANOVA",0.306,0.678222179412842,14.1,59.8726114649682
"Transformación logarítmica","mvnorm",0.05,1000,300,"unequal",3,NA,NA,0,0.1225,1000,"MANTA",0.24,1.10595059394836,"MANOVA",0.375,0.686218500137329,13.5,43.9024390243902
"Transformación Centered Log Ratio (clr)","mvnorm",0.05,1000,300,"unequal",3,NA,NA,0,0.1225,1000,"MANTA",0.981,1.46982145309448,"MANOVA",0.999,0.766651391983032,1.8,1.81818181818182
"Transformación raíz cuadrada","mvnorm",0.05,1000,300,"unequal",3,NA,NA,0,0.1225,1000,"MANTA",0.194,1.19270801544189,"MANOVA",0.313,0.671341180801392,11.9,46.9428007889546
"Escalado de datos por desviación típica","mvnorm",0.05,1000,300,"unequal",3,NA,NA,0,0.1225,1000,"MANTA",NA,NA,"MANOVA",NA,NA,NA,NA
"Normalización Min- Max","mvnorm",0.05,1000,300,"unequal",3,NA,NA,0,0.1225,1000,"MANTA",NA,NA,"MANOVA",NA,NA,NA,NA
"Datos sin transformar","mvnorm",0.05,1000,300,"unequal",3,NA,NA,0,0.14,1000,"MANTA",0.216,1.09025406837463,"MANOVA",0.385,0.705137014389038,16.9,56.2396006655574
"Transformación logarítmica","mvnorm",0.05,1000,300,"unequal",3,NA,NA,0,0.14,1000,"MANTA",0.288,1.08730459213257,"MANOVA",0.449,0.774557828903198,16.1,43.6906377204885
"Transformación Centered Log Ratio (clr)","mvnorm",0.05,1000,300,"unequal",3,NA,NA,0,0.14,1000,"MANTA",0.981,1.48436760902405,"MANOVA",0.999,0.759816646575928,1.8,1.81818181818182
"Transformación raíz cuadrada","mvnorm",0.05,1000,300,"unequal",3,NA,NA,0,0.14,1000,"MANTA",0.231,1.11980199813843,"MANOVA",0.402,0.681604623794556,17.1,54.0284360189574
"Escalado de datos por desviación típica","mvnorm",0.05,1000,300,"unequal",3,NA,NA,0,0.14,1000,"MANTA",NA,NA,"MANOVA",NA,NA,NA,NA
"Normalización Min- Max","mvnorm",0.05,1000,300,"unequal",3,NA,NA,0,0.14,1000,"MANTA",NA,NA,"MANOVA",NA,NA,NA,NA
"Datos sin transformar","mvnorm",0.05,1000,300,"unequal",3,NA,NA,0,0.1575,1000,"MANTA",0.279,1.13254308700562,"MANOVA",0.455,0.742454528808594,17.6,47.9564032697548
"Transformación logarítmica","mvnorm",0.05,1000,300,"unequal",3,NA,NA,0,0.1575,1000,"MANTA",0.348,1.15859889984131,"MANOVA",0.52,0.668537855148315,17.2,39.63133640553
"Transformación Centered Log Ratio (clr)","mvnorm",0.05,1000,300,"unequal",3,NA,NA,0,0.1575,1000,"MANTA",0.981,1.47407746315002,"MANOVA",0.999,0.989664793014526,1.8,1.81818181818182
"Transformación raíz cuadrada","mvnorm",0.05,1000,300,"unequal",3,NA,NA,0,0.1575,1000,"MANTA",0.296,1.06647229194641,"MANOVA",0.484,0.700193166732788,18.8,48.2051282051282
"Escalado de datos por desviación típica","mvnorm",0.05,1000,300,"unequal",3,NA,NA,0,0.1575,1000,"MANTA",NA,NA,"MANOVA",NA,NA,NA,NA
"Normalización Min- Max","mvnorm",0.05,1000,300,"unequal",3,NA,NA,0,0.1575,1000,"MANTA",NA,NA,"MANOVA",NA,NA,NA,NA
"Datos sin transformar","mvnorm",0.05,1000,300,"unequal",3,NA,NA,0,0.175,1000,"MANTA",0.35,1.12411332130432,"MANOVA",0.548,0.728951454162598,19.8,44.097995545657
"Transformación logarítmica","mvnorm",0.05,1000,300,"unequal",3,NA,NA,0,0.175,1000,"MANTA",0.409,1.07491970062256,"MANOVA",0.589,0.706725358963013,18,36.0721442885771
"Transformación Centered Log Ratio (clr)","mvnorm",0.05,1000,300,"unequal",3,NA,NA,0,0.175,1000,"MANTA",0.981,1.48765754699707,"MANOVA",0.999,0.741319179534912,1.8,1.81818181818182
"Transformación raíz cuadrada","mvnorm",0.05,1000,300,"unequal",3,NA,NA,0,0.175,1000,"MANTA",0.366,1.0947527885437,"MANOVA",0.568,0.662913084030151,20.2,43.254817987152
"Escalado de datos por desviación típica","mvnorm",0.05,1000,300,"unequal",3,NA,NA,0,0.175,1000,"MANTA",NA,NA,"MANOVA",NA,NA,NA,NA
"Normalización Min- Max","mvnorm",0.05,1000,300,"unequal",3,NA,NA,0,0.175,1000,"MANTA",NA,NA,"MANOVA",NA,NA,NA,NA
"Datos sin transformar","mvnorm",0.05,1000,300,"unequal",3,NA,NA,0,0.1925,1000,"MANTA",0.427,1.10203218460083,"MANOVA",0.627,0.759783267974854,20,37.9506641366224
"Transformación logarítmica","mvnorm",0.05,1000,300,"unequal",3,NA,NA,0,0.1925,1000,"MANTA",0.495,1.31077075004578,"MANOVA",0.657,0.734828948974609,16.2,28.125
"Transformación Centered Log Ratio (clr)","mvnorm",0.05,1000,300,"unequal",3,NA,NA,0,0.1925,1000,"MANTA",0.98,1.47933888435364,"MANOVA",0.999,0.775766849517822,1.9,1.92016169782719
"Transformación raíz cuadrada","mvnorm",0.05,1000,300,"unequal",3,NA,NA,0,0.1925,1000,"MANTA",0.432,1.0431182384491,"MANOVA",0.635,0.70844292640686,20.3,38.0506091846298
"Escalado de datos por desviación típica","mvnorm",0.05,1000,300,"unequal",3,NA,NA,0,0.1925,1000,"MANTA",NA,NA,"MANOVA",NA,NA,NA,NA
"Normalización Min- Max","mvnorm",0.05,1000,300,"unequal",3,NA,NA,0,0.1925,1000,"MANTA",NA,NA,"MANOVA",NA,NA,NA,NA
"Datos sin transformar","mvnorm",0.05,1000,300,"unequal",3,NA,NA,0,0.21,1000,"MANTA",0.501,1.07522916793823,"MANOVA",0.693,0.720466613769531,19.2,32.1608040201005
"Transformación logarítmica","mvnorm",0.05,1000,300,"unequal",3,NA,NA,0,0.21,1000,"MANTA",0.556,1.18172359466553,"MANOVA",0.71,0.708195209503174,15.4,24.3285939968404
"Transformación Centered Log Ratio (clr)","mvnorm",0.05,1000,300,"unequal",3,NA,NA,0,0.21,1000,"MANTA",0.978,1.47669506072998,"MANOVA",0.999,0.758196592330933,2.1,2.12443095599393
"Transformación raíz cuadrada","mvnorm",0.05,1000,300,"unequal",3,NA,NA,0,0.21,1000,"MANTA",0.521,1.08616638183594,"MANOVA",0.702,0.684152126312256,18.1,29.5993458708095
"Escalado de datos por desviación típica","mvnorm",0.05,1000,300,"unequal",3,NA,NA,0,0.21,1000,"MANTA",NA,NA,"MANOVA",NA,NA,NA,NA
"Normalización Min- Max","mvnorm",0.05,1000,300,"unequal",3,NA,NA,0,0.21,1000,"MANTA",NA,NA,"MANOVA",NA,NA,NA,NA
"Datos sin transformar","mvnorm",0.05,1000,300,"unequal",3,NA,NA,0,0.2275,1000,"MANTA",0.584,1.12894749641418,"MANOVA",0.754,0.70681619644165,17,25.4110612855008
"Transformación logarítmica","mvnorm",0.05,1000,300,"unequal",3,NA,NA,0,0.2275,1000,"MANTA",0.633,1.09591698646545,"MANOVA",0.779,0.699179887771606,14.6,20.6798866855524
"Transformación Centered Log Ratio (clr)","mvnorm",0.05,1000,300,"unequal",3,NA,NA,0,0.2275,1000,"MANTA",0.978,1.46614050865173,"MANOVA",0.999,0.782010316848755,2.1,2.12443095599393
"Transformación raíz cuadrada","mvnorm",0.05,1000,300,"unequal",3,NA,NA,0,0.2275,1000,"MANTA",0.599,1.07451677322388,"MANOVA",0.747,0.684205055236816,14.8,21.9910846953938
"Escalado de datos por desviación típica","mvnorm",0.05,1000,300,"unequal",3,NA,NA,0,0.2275,1000,"MANTA",NA,NA,"MANOVA",NA,NA,NA,NA
"Normalización Min- Max","mvnorm",0.05,1000,300,"unequal",3,NA,NA,0,0.2275,1000,"MANTA",NA,NA,"MANOVA",NA,NA,NA,NA
"Datos sin transformar","mvnorm",0.05,1000,300,"unequal",3,NA,NA,0,0.245,1000,"MANTA",0.666,1.32298040390015,"MANOVA",0.792,0.675562858581543,12.6,17.283950617284
"Transformación logarítmica","mvnorm",0.05,1000,300,"unequal",3,NA,NA,0,0.245,1000,"MANTA",0.703,1.10676622390747,"MANOVA",0.823,0.676853895187378,12,15.7273918741809
"Transformación Centered Log Ratio (clr)","mvnorm",0.05,1000,300,"unequal",3,NA,NA,0,0.245,1000,"MANTA",0.978,1.4870331287384,"MANOVA",0.999,0.758146286010742,2.1,2.12443095599393
"Transformación raíz cuadrada","mvnorm",0.05,1000,300,"unequal",3,NA,NA,0,0.245,1000,"MANTA",0.679,1.07578372955322,"MANOVA",0.801,0.749842643737793,12.2,16.4864864864865
"Escalado de datos por desviación típica","mvnorm",0.05,1000,300,"unequal",3,NA,NA,0,0.245,1000,"MANTA",NA,NA,"MANOVA",NA,NA,NA,NA
"Normalización Min- Max","mvnorm",0.05,1000,300,"unequal",3,NA,NA,0,0.245,1000,"MANTA",NA,NA,"MANOVA",NA,NA,NA,NA
"Datos sin transformar","mvnorm",0.05,1000,300,"unequal",3,NA,NA,0,0.2625,1000,"MANTA",0.747,1.09741497039795,"MANOVA",0.834,0.676928281784058,8.7,11.0056925996205
"Transformación logarítmica","mvnorm",0.05,1000,300,"unequal",3,NA,NA,0,0.2625,1000,"MANTA",0.773,1.09991955757141,"MANOVA",0.858,0.669595718383789,8.5,10.4230533415083
"Transformación Centered Log Ratio (clr)","mvnorm",0.05,1000,300,"unequal",3,NA,NA,0,0.2625,1000,"MANTA",0.98,1.57778787612915,"MANOVA",0.999,0.798126935958862,1.9,1.92016169782719
"Transformación raíz cuadrada","mvnorm",0.05,1000,300,"unequal",3,NA,NA,0,0.2625,1000,"MANTA",0.754,1.07982063293457,"MANOVA",0.846,0.722698926925659,9.2,11.5
"Escalado de datos por desviación típica","mvnorm",0.05,1000,300,"unequal",3,NA,NA,0,0.2625,1000,"MANTA",NA,NA,"MANOVA",NA,NA,NA,NA
"Normalización Min- Max","mvnorm",0.05,1000,300,"unequal",3,NA,NA,0,0.2625,1000,"MANTA",NA,NA,"MANOVA",NA,NA,NA,NA
"Datos sin transformar","mvnorm",0.05,1000,300,"unequal",3,NA,NA,0,0.28,1000,"MANTA",0.796,1.1094241142273,"MANOVA",0.868,0.684030532836914,7.2,8.65384615384615
"Transformación logarítmica","mvnorm",0.05,1000,300,"unequal",3,NA,NA,0,0.28,1000,"MANTA",0.818,1.16105580329895,"MANOVA",0.902,0.688540458679199,8.40000000000001,9.76744186046512
"Transformación Centered Log Ratio (clr)","mvnorm",0.05,1000,300,"unequal",3,NA,NA,0,0.28,1000,"MANTA",0.979,1.74188876152039,"MANOVA",0.999,0.760099411010742,2,2.02224469160769
"Transformación raíz cuadrada","mvnorm",0.05,1000,300,"unequal",3,NA,NA,0,0.28,1000,"MANTA",0.81,1.10150837898254,"MANOVA",0.879,0.680814743041992,6.9,8.17051509769093
"Escalado de datos por desviación típica","mvnorm",0.05,1000,300,"unequal",3,NA,NA,0,0.28,1000,"MANTA",NA,NA,"MANOVA",NA,NA,NA,NA
"Normalización Min- Max","mvnorm",0.05,1000,300,"unequal",3,NA,NA,0,0.28,1000,"MANTA",NA,NA,"MANOVA",NA,NA,NA,NA
"Datos sin transformar","mvnorm",0.05,1000,300,"unequal",3,NA,NA,0,0.2975,1000,"MANTA",0.845,1.16201496124268,"MANOVA",0.898,0.720837354660034,5.3,6.08146873207115
"Transformación logarítmica","mvnorm",0.05,1000,300,"unequal",3,NA,NA,0,0.2975,1000,"MANTA",0.859,1.17151927947998,"MANOVA",0.921,0.768758773803711,6.2,6.96629213483147
"Transformación Centered Log Ratio (clr)","mvnorm",0.05,1000,300,"unequal",3,NA,NA,0,0.2975,1000,"MANTA",0.98,1.62249612808228,"MANOVA",0.999,0.81498384475708,1.9,1.92016169782719
"Transformación raíz cuadrada","mvnorm",0.05,1000,300,"unequal",3,NA,NA,0,0.2975,1000,"MANTA",0.846,1.18861603736877,"MANOVA",0.911,0.709368705749512,6.5,7.39897552646557
"Escalado de datos por desviación típica","mvnorm",0.05,1000,300,"unequal",3,NA,NA,0,0.2975,1000,"MANTA",NA,NA,"MANOVA",NA,NA,NA,NA
"Normalización Min- Max","mvnorm",0.05,1000,300,"unequal",3,NA,NA,0,0.2975,1000,"MANTA",NA,NA,"MANOVA",NA,NA,NA,NA
"Datos sin transformar","mvnorm",0.05,1000,300,"unequal",3,NA,NA,0,0.315,1000,"MANTA",0.897,1.10396385192871,"MANOVA",0.926,0.68874716758728,2.9,3.1815688425672
"Transformación logarítmica","mvnorm",0.05,1000,300,"unequal",3,NA,NA,0,0.315,1000,"MANTA",0.891,1.09861826896667,"MANOVA",0.937,0.693109035491943,4.6,5.0328227571116
"Transformación Centered Log Ratio (clr)","mvnorm",0.05,1000,300,"unequal",3,NA,NA,0,0.315,1000,"MANTA",0.98,1.53357267379761,"MANOVA",0.999,0.764330625534058,1.9,1.92016169782719
"Transformación raíz cuadrada","mvnorm",0.05,1000,300,"unequal",3,NA,NA,0,0.315,1000,"MANTA",0.892,1.12951827049255,"MANOVA",0.932,0.772172927856445,4,4.38596491228071
"Escalado de datos por desviación típica","mvnorm",0.05,1000,300,"unequal",3,NA,NA,0,0.315,1000,"MANTA",NA,NA,"MANOVA",NA,NA,NA,NA
"Normalización Min- Max","mvnorm",0.05,1000,300,"unequal",3,NA,NA,0,0.315,1000,"MANTA",NA,NA,"MANOVA",NA,NA,NA,NA
"Datos sin transformar","mvnorm",0.05,1000,300,"unequal",3,NA,NA,0,0.3325,1000,"MANTA",0.928,1.33688497543335,"MANOVA",0.947,0.67536187171936,1.89999999999999,2.02666666666666
"Transformación logarítmica","mvnorm",0.05,1000,300,"unequal",3,NA,NA,0,0.3325,1000,"MANTA",0.917,1.19244837760925,"MANOVA",0.957,0.680328130722046,3.99999999999999,4.26894343649946
"Transformación Centered Log Ratio (clr)","mvnorm",0.05,1000,300,"unequal",3,NA,NA,0,0.3325,1000,"MANTA",0.981,1.58264303207397,"MANOVA",0.999,0.74429440498352,1.8,1.81818181818182
"Transformación raíz cuadrada","mvnorm",0.05,1000,300,"unequal",3,NA,NA,0,0.3325,1000,"MANTA",0.924,1.08205962181091,"MANOVA",0.949,0.699402570724487,2.49999999999999,2.66951414842498
"Escalado de datos por desviación típica","mvnorm",0.05,1000,300,"unequal",3,NA,NA,0,0.3325,1000,"MANTA",NA,NA,"MANOVA",NA,NA,NA,NA
"Normalización Min- Max","mvnorm",0.05,1000,300,"unequal",3,NA,NA,0,0.3325,1000,"MANTA",NA,NA,"MANOVA",NA,NA,NA,NA
"Datos sin transformar","mvnorm",0.05,1000,300,"unequal",3,NA,NA,0,0.35,1000,"MANTA",0.955,1.09225511550903,"MANOVA",0.96,0.707169055938721,0.5,0.522193211488251
"Transformación logarítmica","mvnorm",0.05,1000,300,"unequal",3,NA,NA,0,0.35,1000,"MANTA",0.947,1.20449423789978,"MANOVA",0.966,0.720325469970703,1.9,1.98640878201778
"Transformación Centered Log Ratio (clr)","mvnorm",0.05,1000,300,"unequal",3,NA,NA,0,0.35,1000,"MANTA",0.981,1.50765347480774,"MANOVA",0.999,0.784377336502075,1.8,1.81818181818182
"Transformación raíz cuadrada","mvnorm",0.05,1000,300,"unequal",3,NA,NA,0,0.35,1000,"MANTA",0.946,1.08406376838684,"MANOVA",0.964,0.683538675308228,1.8,1.8848167539267
"Escalado de datos por desviación típica","mvnorm",0.05,1000,300,"unequal",3,NA,NA,0,0.35,1000,"MANTA",NA,NA,"MANOVA",NA,NA,NA,NA
"Normalización Min- Max","mvnorm",0.05,1000,300,"unequal",3,NA,NA,0,0.35,1000,"MANTA",NA,NA,"MANOVA",NA,NA,NA,NA
"Datos sin transformar","mvnorm",0.05,1000,300,"unequalALT1",3,NA,NA,0,0,1000,"MANTA",0.064,1.0679624080658,"MANOVA",0.071,0.701382160186768,0.699999999999999,10.3703703703704
"Transformación logarítmica","mvnorm",0.05,1000,300,"unequalALT1",3,NA,NA,0,0,1000,"MANTA",0.101,1.07933974266052,"MANOVA",0.134,0.698606967926025,3.3,28.0851063829787
"Transformación Centered Log Ratio (clr)","mvnorm",0.05,1000,300,"unequalALT1",3,NA,NA,0,0,1000,"MANTA",0.887,1.90188050270081,"MANOVA",0.967,0.760736703872681,8,8.62998921251348
"Transformación raíz cuadrada","mvnorm",0.05,1000,300,"unequalALT1",3,NA,NA,0,0,1000,"MANTA",0.075,1.10980319976807,"MANOVA",0.096,0.661603212356567,2.1,24.5614035087719
"Escalado de datos por desviación típica","mvnorm",0.05,1000,300,"unequalALT1",3,NA,NA,0,0,1000,"MANTA",NA,NA,"MANOVA",NA,NA,NA,NA
"Normalización Min- Max","mvnorm",0.05,1000,300,"unequalALT1",3,NA,NA,0,0,1000,"MANTA",NA,NA,"MANOVA",NA,NA,NA,NA
"Datos sin transformar","mvnorm",0.05,1000,300,"unequalALT1",3,NA,NA,0,0.0175,1000,"MANTA",0.062,1.19124627113342,"MANOVA",0.062,0.685369491577148,0,0
"Transformación logarítmica","mvnorm",0.05,1000,300,"unequalALT1",3,NA,NA,0,0.0175,1000,"MANTA",0.132,1.10128045082092,"MANOVA",0.149,0.692116498947144,1.7,12.0996441281139
"Transformación Centered Log Ratio (clr)","mvnorm",0.05,1000,300,"unequalALT1",3,NA,NA,0,0.0175,1000,"MANTA",0.981,1.49537467956543,"MANOVA",0.999,0.759822130203247,1.8,1.81818181818182
"Transformación raíz cuadrada","mvnorm",0.05,1000,300,"unequalALT1",3,NA,NA,0,0.0175,1000,"MANTA",0.081,1.08405876159668,"MANOVA",0.086,0.920626163482666,0.499999999999999,5.9880239520958
"Escalado de datos por desviación típica","mvnorm",0.05,1000,300,"unequalALT1",3,NA,NA,0,0.0175,1000,"MANTA",NA,NA,"MANOVA",NA,NA,NA,NA
"Normalización Min- Max","mvnorm",0.05,1000,300,"unequalALT1",3,NA,NA,0,0.0175,1000,"MANTA",NA,NA,"MANOVA",NA,NA,NA,NA
"Datos sin transformar","mvnorm",0.05,1000,300,"unequalALT1",3,NA,NA,0,0.035,1000,"MANTA",0.069,1.11954188346863,"MANOVA",0.071,0.693417549133301,0.199999999999999,2.85714285714284
"Transformación logarítmica","mvnorm",0.05,1000,300,"unequalALT1",3,NA,NA,0,0.035,1000,"MANTA",0.133,1.13858604431152,"MANOVA",0.175,0.684451341629028,4.2,27.2727272727273
"Transformación Centered Log Ratio (clr)","mvnorm",0.05,1000,300,"unequalALT1",3,NA,NA,0,0.035,1000,"MANTA",0.981,1.55975866317749,"MANOVA",0.999,0.840548515319824,1.8,1.81818181818182
"Transformación raíz cuadrada","mvnorm",0.05,1000,300,"unequalALT1",3,NA,NA,0,0.035,1000,"MANTA",0.092,1.07795643806458,"MANOVA",0.1,0.691232442855835,0.800000000000001,8.33333333333334
"Escalado de datos por desviación típica","mvnorm",0.05,1000,300,"unequalALT1",3,NA,NA,0,0.035,1000,"MANTA",NA,NA,"MANOVA",NA,NA,NA,NA
"Normalización Min- Max","mvnorm",0.05,1000,300,"unequalALT1",3,NA,NA,0,0.035,1000,"MANTA",NA,NA,"MANOVA",NA,NA,NA,NA
"Datos sin transformar","mvnorm",0.05,1000,300,"unequalALT1",3,NA,NA,0,0.0525,1000,"MANTA",0.075,1.05926775932312,"MANOVA",0.088,0.69159197807312,1.3,15.9509202453988
"Transformación logarítmica","mvnorm",0.05,1000,300,"unequalALT1",3,NA,NA,0,0.0525,1000,"MANTA",0.144,1.05316734313965,"MANOVA",0.197,0.808973550796509,5.3,31.0850439882698
"Transformación Centered Log Ratio (clr)","mvnorm",0.05,1000,300,"unequalALT1",3,NA,NA,0,0.0525,1000,"MANTA",0.981,1.44744348526001,"MANOVA",0.999,0.76207685470581,1.8,1.81818181818182
"Transformación raíz cuadrada","mvnorm",0.05,1000,300,"unequalALT1",3,NA,NA,0,0.0525,1000,"MANTA",0.097,1.27994394302368,"MANOVA",0.125,0.656772375106812,2.8,25.2252252252252
"Escalado de datos por desviación típica","mvnorm",0.05,1000,300,"unequalALT1",3,NA,NA,0,0.0525,1000,"MANTA",NA,NA,"MANOVA",NA,NA,NA,NA
"Normalización Min- Max","mvnorm",0.05,1000,300,"unequalALT1",3,NA,NA,0,0.0525,1000,"MANTA",NA,NA,"MANOVA",NA,NA,NA,NA
"Datos sin transformar","mvnorm",0.05,1000,300,"unequalALT1",3,NA,NA,0,0.07,1000,"MANTA",0.083,1.0831081867218,"MANOVA",0.13,0.677278995513916,4.7,44.131455399061
"Transformación logarítmica","mvnorm",0.05,1000,300,"unequalALT1",3,NA,NA,0,0.07,1000,"MANTA",0.152,1.15012836456299,"MANOVA",0.222,0.68306565284729,7,37.4331550802139
"Transformación Centered Log Ratio (clr)","mvnorm",0.05,1000,300,"unequalALT1",3,NA,NA,0,0.07,1000,"MANTA",0.98,1.48982048034668,"MANOVA",0.999,0.750834941864014,1.9,1.92016169782719
"Transformación raíz cuadrada","mvnorm",0.05,1000,300,"unequalALT1",3,NA,NA,0,0.07,1000,"MANTA",0.106,1.0606644153595,"MANOVA",0.168,0.683222770690918,6.2,45.2554744525548
"Escalado de datos por desviación típica","mvnorm",0.05,1000,300,"unequalALT1",3,NA,NA,0,0.07,1000,"MANTA",NA,NA,"MANOVA",NA,NA,NA,NA
"Normalización Min- Max","mvnorm",0.05,1000,300,"unequalALT1",3,NA,NA,0,0.07,1000,"MANTA",NA,NA,"MANOVA",NA,NA,NA,NA
"Datos sin transformar","mvnorm",0.05,1000,300,"unequalALT1",3,NA,NA,0,0.0875,1000,"MANTA",0.101,1.09909820556641,"MANOVA",0.176,0.682385921478271,7.5,54.1516245487364
"Transformación logarítmica","mvnorm",0.05,1000,300,"unequalALT1",3,NA,NA,0,0.0875,1000,"MANTA",0.173,1.07048678398132,"MANOVA",0.265,0.67539644241333,9.2,42.0091324200913
"Transformación Centered Log Ratio (clr)","mvnorm",0.05,1000,300,"unequalALT1",3,NA,NA,0,0.0875,1000,"MANTA",0.98,1.45101261138916,"MANOVA",0.999,0.753053188323975,1.9,1.92016169782719
"Transformación raíz cuadrada","mvnorm",0.05,1000,300,"unequalALT1",3,NA,NA,0,0.0875,1000,"MANTA",0.126,1.17301511764526,"MANOVA",0.208,0.685555696487427,8.2,49.1017964071856
"Escalado de datos por desviación típica","mvnorm",0.05,1000,300,"unequalALT1",3,NA,NA,0,0.0875,1000,"MANTA",NA,NA,"MANOVA",NA,NA,NA,NA
"Normalización Min- Max","mvnorm",0.05,1000,300,"unequalALT1",3,NA,NA,0,0.0875,1000,"MANTA",NA,NA,"MANOVA",NA,NA,NA,NA
"Datos sin transformar","mvnorm",0.05,1000,300,"unequalALT1",3,NA,NA,0,0.105,1000,"MANTA",0.13,1.38169932365417,"MANOVA",0.233,0.67397665977478,10.3,56.7493112947658
"Transformación logarítmica","mvnorm",0.05,1000,300,"unequalALT1",3,NA,NA,0,0.105,1000,"MANTA",0.198,1.2118136882782,"MANOVA",0.309,0.650923728942871,11.1,43.7869822485207
"Transformación Centered Log Ratio (clr)","mvnorm",0.05,1000,300,"unequalALT1",3,NA,NA,0,0.105,1000,"MANTA",0.981,1.45880746841431,"MANOVA",0.999,0.735062599182129,1.8,1.81818181818182
"Transformación raíz cuadrada","mvnorm",0.05,1000,300,"unequalALT1",3,NA,NA,0,0.105,1000,"MANTA",0.158,1.08260679244995,"MANOVA",0.251,0.666869640350342,9.3,45.4767726161369
"Escalado de datos por desviación típica","mvnorm",0.05,1000,300,"unequalALT1",3,NA,NA,0,0.105,1000,"MANTA",NA,NA,"MANOVA",NA,NA,NA,NA
"Normalización Min- Max","mvnorm",0.05,1000,300,"unequalALT1",3,NA,NA,0,0.105,1000,"MANTA",NA,NA,"MANOVA",NA,NA,NA,NA
"Datos sin transformar","mvnorm",0.05,1000,300,"unequalALT1",3,NA,NA,0,0.1225,1000,"MANTA",0.165,1.09173321723938,"MANOVA",0.306,0.6607985496521,14.1,59.8726114649682
"Transformación logarítmica","mvnorm",0.05,1000,300,"unequalALT1",3,NA,NA,0,0.1225,1000,"MANTA",0.24,1.0776047706604,"MANOVA",0.375,0.666075944900513,13.5,43.9024390243902
"Transformación Centered Log Ratio (clr)","mvnorm",0.05,1000,300,"unequalALT1",3,NA,NA,0,0.1225,1000,"MANTA",0.981,1.59332251548767,"MANOVA",0.999,0.726164102554321,1.8,1.81818181818182
"Transformación raíz cuadrada","mvnorm",0.05,1000,300,"unequalALT1",3,NA,NA,0,0.1225,1000,"MANTA",0.194,1.08724141120911,"MANOVA",0.313,0.659476041793823,11.9,46.9428007889546
"Escalado de datos por desviación típica","mvnorm",0.05,1000,300,"unequalALT1",3,NA,NA,0,0.1225,1000,"MANTA",NA,NA,"MANOVA",NA,NA,NA,NA
"Normalización Min- Max","mvnorm",0.05,1000,300,"unequalALT1",3,NA,NA,0,0.1225,1000,"MANTA",NA,NA,"MANOVA",NA,NA,NA,NA
"Datos sin transformar","mvnorm",0.05,1000,300,"unequalALT1",3,NA,NA,0,0.14,1000,"MANTA",0.216,1.06244087219238,"MANOVA",0.385,0.692240953445435,16.9,56.2396006655574
"Transformación logarítmica","mvnorm",0.05,1000,300,"unequalALT1",3,NA,NA,0,0.14,1000,"MANTA",0.288,1.05989265441895,"MANOVA",0.449,0.690695762634277,16.1,43.6906377204885
"Transformación Centered Log Ratio (clr)","mvnorm",0.05,1000,300,"unequalALT1",3,NA,NA,0,0.14,1000,"MANTA",0.981,1.45968651771545,"MANOVA",0.999,0.840404272079468,1.8,1.81818181818182
"Transformación raíz cuadrada","mvnorm",0.05,1000,300,"unequalALT1",3,NA,NA,0,0.14,1000,"MANTA",0.231,1.04857850074768,"MANOVA",0.402,0.67951488494873,17.1,54.0284360189574
"Escalado de datos por desviación típica","mvnorm",0.05,1000,300,"unequalALT1",3,NA,NA,0,0.14,1000,"MANTA",NA,NA,"MANOVA",NA,NA,NA,NA
"Normalización Min- Max","mvnorm",0.05,1000,300,"unequalALT1",3,NA,NA,0,0.14,1000,"MANTA",NA,NA,"MANOVA",NA,NA,NA,NA
"Datos sin transformar","mvnorm",0.05,1000,300,"unequalALT1",3,NA,NA,0,0.1575,1000,"MANTA",0.279,1.12482118606567,"MANOVA",0.455,0.680488348007202,17.6,47.9564032697548
"Transformación logarítmica","mvnorm",0.05,1000,300,"unequalALT1",3,NA,NA,0,0.1575,1000,"MANTA",0.348,1.2063615322113,"MANOVA",0.52,0.681990146636963,17.2,39.63133640553
"Transformación Centered Log Ratio (clr)","mvnorm",0.05,1000,300,"unequalALT1",3,NA,NA,0,0.1575,1000,"MANTA",0.981,1.76065325737,"MANOVA",0.999,0.759931325912476,1.8,1.81818181818182
"Transformación raíz cuadrada","mvnorm",0.05,1000,300,"unequalALT1",3,NA,NA,0,0.1575,1000,"MANTA",0.296,1.10011529922485,"MANOVA",0.484,0.679970979690552,18.8,48.2051282051282
"Escalado de datos por desviación típica","mvnorm",0.05,1000,300,"unequalALT1",3,NA,NA,0,0.1575,1000,"MANTA",NA,NA,"MANOVA",NA,NA,NA,NA
"Normalización Min- Max","mvnorm",0.05,1000,300,"unequalALT1",3,NA,NA,0,0.1575,1000,"MANTA",NA,NA,"MANOVA",NA,NA,NA,NA
"Datos sin transformar","mvnorm",0.05,1000,300,"unequalALT1",3,NA,NA,0,0.175,1000,"MANTA",0.35,1.0611424446106,"MANOVA",0.548,0.69908332824707,19.8,44.097995545657
"Transformación logarítmica","mvnorm",0.05,1000,300,"unequalALT1",3,NA,NA,0,0.175,1000,"MANTA",0.409,1.0898449420929,"MANOVA",0.589,0.677835941314697,18,36.0721442885771
"Transformación Centered Log Ratio (clr)","mvnorm",0.05,1000,300,"unequalALT1",3,NA,NA,0,0.175,1000,"MANTA",0.981,1.4983127117157,"MANOVA",0.999,0.764192581176758,1.8,1.81818181818182
"Transformación raíz cuadrada","mvnorm",0.05,1000,300,"unequalALT1",3,NA,NA,0,0.175,1000,"MANTA",0.366,1.08292841911316,"MANOVA",0.568,0.687221765518188,20.2,43.254817987152
"Escalado de datos por desviación típica","mvnorm",0.05,1000,300,"unequalALT1",3,NA,NA,0,0.175,1000,"MANTA",NA,NA,"MANOVA",NA,NA,NA,NA
"Normalización Min- Max","mvnorm",0.05,1000,300,"unequalALT1",3,NA,NA,0,0.175,1000,"MANTA",NA,NA,"MANOVA",NA,NA,NA,NA
"Datos sin transformar","mvnorm",0.05,1000,300,"unequalALT1",3,NA,NA,0,0.1925,1000,"MANTA",0.427,1.1000645160675,"MANOVA",0.627,0.697993278503418,20,37.9506641366224
"Transformación logarítmica","mvnorm",0.05,1000,300,"unequalALT1",3,NA,NA,0,0.1925,1000,"MANTA",0.495,1.32619667053223,"MANOVA",0.657,0.654150009155273,16.2,28.125
"Transformación Centered Log Ratio (clr)","mvnorm",0.05,1000,300,"unequalALT1",3,NA,NA,0,0.1925,1000,"MANTA",0.98,1.47555160522461,"MANOVA",0.999,0.729114055633545,1.9,1.92016169782719
"Transformación raíz cuadrada","mvnorm",0.05,1000,300,"unequalALT1",3,NA,NA,0,0.1925,1000,"MANTA",0.432,1.06579971313477,"MANOVA",0.635,0.886369228363037,20.3,38.0506091846298
"Escalado de datos por desviación típica","mvnorm",0.05,1000,300,"unequalALT1",3,NA,NA,0,0.1925,1000,"MANTA",NA,NA,"MANOVA",NA,NA,NA,NA
"Normalización Min- Max","mvnorm",0.05,1000,300,"unequalALT1",3,NA,NA,0,0.1925,1000,"MANTA",NA,NA,"MANOVA",NA,NA,NA,NA
"Datos sin transformar","mvnorm",0.05,1000,300,"unequalALT1",3,NA,NA,0,0.21,1000,"MANTA",0.501,1.12221717834473,"MANOVA",0.693,0.672860860824585,19.2,32.1608040201005
"Transformación logarítmica","mvnorm",0.05,1000,300,"unequalALT1",3,NA,NA,0,0.21,1000,"MANTA",0.556,1.07426977157593,"MANOVA",0.71,0.674776792526245,15.4,24.3285939968404
"Transformación Centered Log Ratio (clr)","mvnorm",0.05,1000,300,"unequalALT1",3,NA,NA,0,0.21,1000,"MANTA",0.978,1.45803642272949,"MANOVA",0.999,0.76315712928772,2.1,2.12443095599393
"Transformación raíz cuadrada","mvnorm",0.05,1000,300,"unequalALT1",3,NA,NA,0,0.21,1000,"MANTA",0.521,1.04705548286438,"MANOVA",0.702,0.70384931564331,18.1,29.5993458708095
"Escalado de datos por desviación típica","mvnorm",0.05,1000,300,"unequalALT1",3,NA,NA,0,0.21,1000,"MANTA",NA,NA,"MANOVA",NA,NA,NA,NA
"Normalización Min- Max","mvnorm",0.05,1000,300,"unequalALT1",3,NA,NA,0,0.21,1000,"MANTA",NA,NA,"MANOVA",NA,NA,NA,NA
"Datos sin transformar","mvnorm",0.05,1000,300,"unequalALT1",3,NA,NA,0,0.2275,1000,"MANTA",0.584,1.07407164573669,"MANOVA",0.754,0.705981016159058,17,25.4110612855008
"Transformación logarítmica","mvnorm",0.05,1000,300,"unequalALT1",3,NA,NA,0,0.2275,1000,"MANTA",0.633,1.0570559501648,"MANOVA",0.779,0.653403997421265,14.6,20.6798866855524
"Transformación Centered Log Ratio (clr)","mvnorm",0.05,1000,300,"unequalALT1",3,NA,NA,0,0.2275,1000,"MANTA",0.978,1.68466544151306,"MANOVA",0.999,0.717027187347412,2.1,2.12443095599393
"Transformación raíz cuadrada","mvnorm",0.05,1000,300,"unequalALT1",3,NA,NA,0,0.2275,1000,"MANTA",0.599,1.07730269432068,"MANOVA",0.747,0.661640167236328,14.8,21.9910846953938
"Escalado de datos por desviación típica","mvnorm",0.05,1000,300,"unequalALT1",3,NA,NA,0,0.2275,1000,"MANTA",NA,NA,"MANOVA",NA,NA,NA,NA
"Normalización Min- Max","mvnorm",0.05,1000,300,"unequalALT1",3,NA,NA,0,0.2275,1000,"MANTA",NA,NA,"MANOVA",NA,NA,NA,NA
"Datos sin transformar","mvnorm",0.05,1000,300,"unequalALT1",3,NA,NA,0,0.245,1000,"MANTA",0.666,1.05034828186035,"MANOVA",0.792,0.688116788864136,12.6,17.283950617284
"Transformación logarítmica","mvnorm",0.05,1000,300,"unequalALT1",3,NA,NA,0,0.245,1000,"MANTA",0.703,1.04212117195129,"MANOVA",0.823,0.69581127166748,12,15.7273918741809
"Transformación Centered Log Ratio (clr)","mvnorm",0.05,1000,300,"unequalALT1",3,NA,NA,0,0.245,1000,"MANTA",0.978,1.4616916179657,"MANOVA",0.999,0.756052732467651,2.1,2.12443095599393
"Transformación raíz cuadrada","mvnorm",0.05,1000,300,"unequalALT1",3,NA,NA,0,0.245,1000,"MANTA",0.679,1.03281569480896,"MANOVA",0.801,0.69228720664978,12.2,16.4864864864865
"Escalado de datos por desviación típica","mvnorm",0.05,1000,300,"unequalALT1",3,NA,NA,0,0.245,1000,"MANTA",NA,NA,"MANOVA",NA,NA,NA,NA
"Normalización Min- Max","mvnorm",0.05,1000,300,"unequalALT1",3,NA,NA,0,0.245,1000,"MANTA",NA,NA,"MANOVA",NA,NA,NA,NA
"Datos sin transformar","mvnorm",0.05,1000,300,"unequalALT1",3,NA,NA,0,0.2625,1000,"MANTA",0.747,1.07970929145813,"MANOVA",0.834,0.68830156326294,8.7,11.0056925996205
"Transformación logarítmica","mvnorm",0.05,1000,300,"unequalALT1",3,NA,NA,0,0.2625,1000,"MANTA",0.773,1.06502532958984,"MANOVA",0.858,0.674887895584106,8.5,10.4230533415083
"Transformación Centered Log Ratio (clr)","mvnorm",0.05,1000,300,"unequalALT1",3,NA,NA,0,0.2625,1000,"MANTA",0.98,1.43174910545349,"MANOVA",0.999,0.779500961303711,1.9,1.92016169782719
"Transformación raíz cuadrada","mvnorm",0.05,1000,300,"unequalALT1",3,NA,NA,0,0.2625,1000,"MANTA",0.754,1.0657753944397,"MANOVA",0.846,0.673094034194946,9.2,11.5
"Escalado de datos por desviación típica","mvnorm",0.05,1000,300,"unequalALT1",3,NA,NA,0,0.2625,1000,"MANTA",NA,NA,"MANOVA",NA,NA,NA,NA
"Normalización Min- Max","mvnorm",0.05,1000,300,"unequalALT1",3,NA,NA,0,0.2625,1000,"MANTA",NA,NA,"MANOVA",NA,NA,NA,NA
"Datos sin transformar","mvnorm",0.05,1000,300,"unequalALT1",3,NA,NA,0,0.28,1000,"MANTA",0.796,1.10359764099121,"MANOVA",0.868,0.685033798217773,7.2,8.65384615384615
"Transformación logarítmica","mvnorm",0.05,1000,300,"unequalALT1",3,NA,NA,0,0.28,1000,"MANTA",0.818,1.08696460723877,"MANOVA",0.902,0.670679807662964,8.40000000000001,9.76744186046512
"Transformación Centered Log Ratio (clr)","mvnorm",0.05,1000,300,"unequalALT1",3,NA,NA,0,0.28,1000,"MANTA",0.979,1.49552273750305,"MANOVA",0.999,0.766510725021362,2,2.02224469160769
"Transformación raíz cuadrada","mvnorm",0.05,1000,300,"unequalALT1",3,NA,NA,0,0.28,1000,"MANTA",0.81,1.3542652130127,"MANOVA",0.879,0.660838603973389,6.9,8.17051509769093
"Escalado de datos por desviación típica","mvnorm",0.05,1000,300,"unequalALT1",3,NA,NA,0,0.28,1000,"MANTA",NA,NA,"MANOVA",NA,NA,NA,NA
"Normalización Min- Max","mvnorm",0.05,1000,300,"unequalALT1",3,NA,NA,0,0.28,1000,"MANTA",NA,NA,"MANOVA",NA,NA,NA,NA
"Datos sin transformar","mvnorm",0.05,1000,300,"unequalALT1",3,NA,NA,0,0.2975,1000,"MANTA",0.845,1.06250953674316,"MANOVA",0.898,0.688838243484497,5.3,6.08146873207115
"Transformación logarítmica","mvnorm",0.05,1000,300,"unequalALT1",3,NA,NA,0,0.2975,1000,"MANTA",0.859,1.10619115829468,"MANOVA",0.921,0.677920579910278,6.2,6.96629213483147
"Transformación Centered Log Ratio (clr)","mvnorm",0.05,1000,300,"unequalALT1",3,NA,NA,0,0.2975,1000,"MANTA",0.98,1.4594669342041,"MANOVA",0.999,0.764517307281494,1.9,1.92016169782719
"Transformación raíz cuadrada","mvnorm",0.05,1000,300,"unequalALT1",3,NA,NA,0,0.2975,1000,"MANTA",0.846,1.07560396194458,"MANOVA",0.911,0.685134649276733,6.5,7.39897552646557
"Escalado de datos por desviación típica","mvnorm",0.05,1000,300,"unequalALT1",3,NA,NA,0,0.2975,1000,"MANTA",NA,NA,"MANOVA",NA,NA,NA,NA
"Normalización Min- Max","mvnorm",0.05,1000,300,"unequalALT1",3,NA,NA,0,0.2975,1000,"MANTA",NA,NA,"MANOVA",NA,NA,NA,NA
"Datos sin transformar","mvnorm",0.05,1000,300,"unequalALT1",3,NA,NA,0,0.315,1000,"MANTA",0.897,1.08000254631042,"MANOVA",0.926,0.654687643051147,2.9,3.1815688425672
"Transformación logarítmica","mvnorm",0.05,1000,300,"unequalALT1",3,NA,NA,0,0.315,1000,"MANTA",0.891,1.0670850276947,"MANOVA",0.937,0.651891708374023,4.6,5.0328227571116
"Transformación Centered Log Ratio (clr)","mvnorm",0.05,1000,300,"unequalALT1",3,NA,NA,0,0.315,1000,"MANTA",0.98,1.49225831031799,"MANOVA",0.999,0.76451587677002,1.9,1.92016169782719
"Transformación raíz cuadrada","mvnorm",0.05,1000,300,"unequalALT1",3,NA,NA,0,0.315,1000,"MANTA",0.892,1.06856822967529,"MANOVA",0.932,0.670057773590088,4,4.38596491228071
"Escalado de datos por desviación típica","mvnorm",0.05,1000,300,"unequalALT1",3,NA,NA,0,0.315,1000,"MANTA",NA,NA,"MANOVA",NA,NA,NA,NA
"Normalización Min- Max","mvnorm",0.05,1000,300,"unequalALT1",3,NA,NA,0,0.315,1000,"MANTA",NA,NA,"MANOVA",NA,NA,NA,NA
"Datos sin transformar","mvnorm",0.05,1000,300,"unequalALT1",3,NA,NA,0,0.3325,1000,"MANTA",0.928,1.32264161109924,"MANOVA",0.947,0.709478616714478,1.89999999999999,2.02666666666666
"Transformación logarítmica","mvnorm",0.05,1000,300,"unequalALT1",3,NA,NA,0,0.3325,1000,"MANTA",0.917,1.05111169815063,"MANOVA",0.957,0.698511600494385,3.99999999999999,4.26894343649946
"Transformación Centered Log Ratio (clr)","mvnorm",0.05,1000,300,"unequalALT1",3,NA,NA,0,0.3325,1000,"MANTA",0.981,1.46130752563477,"MANOVA",0.999,0.78114652633667,1.8,1.81818181818182
"Transformación raíz cuadrada","mvnorm",0.05,1000,300,"unequalALT1",3,NA,NA,0,0.3325,1000,"MANTA",0.924,1.0491726398468,"MANOVA",0.949,0.697281837463379,2.49999999999999,2.66951414842498
"Escalado de datos por desviación típica","mvnorm",0.05,1000,300,"unequalALT1",3,NA,NA,0,0.3325,1000,"MANTA",NA,NA,"MANOVA",NA,NA,NA,NA
"Normalización Min- Max","mvnorm",0.05,1000,300,"unequalALT1",3,NA,NA,0,0.3325,1000,"MANTA",NA,NA,"MANOVA",NA,NA,NA,NA
"Datos sin transformar","mvnorm",0.05,1000,300,"unequalALT1",3,NA,NA,0,0.35,1000,"MANTA",0.955,1.07854747772217,"MANOVA",0.96,0.685683012008667,0.5,0.522193211488251
"Transformación logarítmica","mvnorm",0.05,1000,300,"unequalALT1",3,NA,NA,0,0.35,1000,"MANTA",0.947,1.06318998336792,"MANOVA",0.966,0.681329250335693,1.9,1.98640878201778
"Transformación Centered Log Ratio (clr)","mvnorm",0.05,1000,300,"unequalALT1",3,NA,NA,0,0.35,1000,"MANTA",0.981,1.45536422729492,"MANOVA",0.999,0.746260166168213,1.8,1.81818181818182
"Transformación raíz cuadrada","mvnorm",0.05,1000,300,"unequalALT1",3,NA,NA,0,0.35,1000,"MANTA",0.946,1.06938862800598,"MANOVA",0.964,0.671314239501953,1.8,1.8848167539267
"Escalado de datos por desviación típica","mvnorm",0.05,1000,300,"unequalALT1",3,NA,NA,0,0.35,1000,"MANTA",NA,NA,"MANOVA",NA,NA,NA,NA
"Normalización Min- Max","mvnorm",0.05,1000,300,"unequalALT1",3,NA,NA,0,0.35,1000,"MANTA",NA,NA,"MANOVA",NA,NA,NA,NA
"Datos sin transformar","mvnorm",0.05,1000,300,"unequalALT2",3,NA,NA,0,0,1000,"MANTA",0.064,1.09911322593689,"MANOVA",0.071,0.676419973373413,0.699999999999999,10.3703703703704
"Transformación logarítmica","mvnorm",0.05,1000,300,"unequalALT2",3,NA,NA,0,0,1000,"MANTA",0.101,1.07901406288147,"MANOVA",0.134,0.686384916305542,3.3,28.0851063829787
"Transformación Centered Log Ratio (clr)","mvnorm",0.05,1000,300,"unequalALT2",3,NA,NA,0,0,1000,"MANTA",0.887,2.15664529800415,"MANOVA",0.967,0.740270376205444,8,8.62998921251348
"Transformación raíz cuadrada","mvnorm",0.05,1000,300,"unequalALT2",3,NA,NA,0,0,1000,"MANTA",0.075,1.01951575279236,"MANOVA",0.096,0.701248645782471,2.1,24.5614035087719
"Escalado de datos por desviación típica","mvnorm",0.05,1000,300,"unequalALT2",3,NA,NA,0,0,1000,"MANTA",NA,NA,"MANOVA",NA,NA,NA,NA
"Normalización Min- Max","mvnorm",0.05,1000,300,"unequalALT2",3,NA,NA,0,0,1000,"MANTA",NA,NA,"MANOVA",NA,NA,NA,NA
"Datos sin transformar","mvnorm",0.05,1000,300,"unequalALT2",3,NA,NA,0,0.0175,1000,"MANTA",0.062,1.07733011245728,"MANOVA",0.062,0.657605886459351,0,0
"Transformación logarítmica","mvnorm",0.05,1000,300,"unequalALT2",3,NA,NA,0,0.0175,1000,"MANTA",0.132,1.04991626739502,"MANOVA",0.149,0.696047067642212,1.7,12.0996441281139
"Transformación Centered Log Ratio (clr)","mvnorm",0.05,1000,300,"unequalALT2",3,NA,NA,0,0.0175,1000,"MANTA",0.981,1.45385146141052,"MANOVA",0.999,0.775629997253418,1.8,1.81818181818182
"Transformación raíz cuadrada","mvnorm",0.05,1000,300,"unequalALT2",3,NA,NA,0,0.0175,1000,"MANTA",0.081,1.04203295707703,"MANOVA",0.086,0.691468000411987,0.499999999999999,5.9880239520958
"Escalado de datos por desviación típica","mvnorm",0.05,1000,300,"unequalALT2",3,NA,NA,0,0.0175,1000,"MANTA",NA,NA,"MANOVA",NA,NA,NA,NA
"Normalización Min- Max","mvnorm",0.05,1000,300,"unequalALT2",3,NA,NA,0,0.0175,1000,"MANTA",NA,NA,"MANOVA",NA,NA,NA,NA
"Datos sin transformar","mvnorm",0.05,1000,300,"unequalALT2",3,NA,NA,0,0.035,1000,"MANTA",0.069,1.08146405220032,"MANOVA",0.071,0.690782308578491,0.199999999999999,2.85714285714284
"Transformación logarítmica","mvnorm",0.05,1000,300,"unequalALT2",3,NA,NA,0,0.035,1000,"MANTA",0.133,1.06523370742798,"MANOVA",0.175,0.681746959686279,4.2,27.2727272727273
"Transformación Centered Log Ratio (clr)","mvnorm",0.05,1000,300,"unequalALT2",3,NA,NA,0,0.035,1000,"MANTA",0.981,1.65728044509888,"MANOVA",0.999,0.789636135101318,1.8,1.81818181818182
"Transformación raíz cuadrada","mvnorm",0.05,1000,300,"unequalALT2",3,NA,NA,0,0.035,1000,"MANTA",0.092,1.69093871116638,"MANOVA",0.1,0.675575017929077,0.800000000000001,8.33333333333334
"Escalado de datos por desviación típica","mvnorm",0.05,1000,300,"unequalALT2",3,NA,NA,0,0.035,1000,"MANTA",NA,NA,"MANOVA",NA,NA,NA,NA
"Normalización Min- Max","mvnorm",0.05,1000,300,"unequalALT2",3,NA,NA,0,0.035,1000,"MANTA",NA,NA,"MANOVA",NA,NA,NA,NA
"Datos sin transformar","mvnorm",0.05,1000,300,"unequalALT2",3,NA,NA,0,0.0525,1000,"MANTA",0.075,1.11043262481689,"MANOVA",0.088,0.688361883163452,1.3,15.9509202453988
"Transformación logarítmica","mvnorm",0.05,1000,300,"unequalALT2",3,NA,NA,0,0.0525,1000,"MANTA",0.144,1.04140543937683,"MANOVA",0.197,0.678250074386597,5.3,31.0850439882698
"Transformación Centered Log Ratio (clr)","mvnorm",0.05,1000,300,"unequalALT2",3,NA,NA,0,0.0525,1000,"MANTA",0.981,1.434650182724,"MANOVA",0.999,0.737096786499023,1.8,1.81818181818182
"Transformación raíz cuadrada","mvnorm",0.05,1000,300,"unequalALT2",3,NA,NA,0,0.0525,1000,"MANTA",0.097,1.05152893066406,"MANOVA",0.125,0.681897878646851,2.8,25.2252252252252
"Escalado de datos por desviación típica","mvnorm",0.05,1000,300,"unequalALT2",3,NA,NA,0,0.0525,1000,"MANTA",NA,NA,"MANOVA",NA,NA,NA,NA
"Normalización Min- Max","mvnorm",0.05,1000,300,"unequalALT2",3,NA,NA,0,0.0525,1000,"MANTA",NA,NA,"MANOVA",NA,NA,NA,NA
"Datos sin transformar","mvnorm",0.05,1000,300,"unequalALT2",3,NA,NA,0,0.07,1000,"MANTA",0.083,1.04902148246765,"MANOVA",0.13,0.680209636688232,4.7,44.131455399061
"Transformación logarítmica","mvnorm",0.05,1000,300,"unequalALT2",3,NA,NA,0,0.07,1000,"MANTA",0.152,1.08162188529968,"MANOVA",0.222,0.675583124160767,7,37.4331550802139
"Transformación Centered Log Ratio (clr)","mvnorm",0.05,1000,300,"unequalALT2",3,NA,NA,0,0.07,1000,"MANTA",0.98,1.46707081794739,"MANOVA",0.999,0.723713636398315,1.9,1.92016169782719
"Transformación raíz cuadrada","mvnorm",0.05,1000,300,"unequalALT2",3,NA,NA,0,0.07,1000,"MANTA",0.106,1.09810304641724,"MANOVA",0.168,0.668738603591919,6.2,45.2554744525548
"Escalado de datos por desviación típica","mvnorm",0.05,1000,300,"unequalALT2",3,NA,NA,0,0.07,1000,"MANTA",NA,NA,"MANOVA",NA,NA,NA,NA
"Normalización Min- Max","mvnorm",0.05,1000,300,"unequalALT2",3,NA,NA,0,0.07,1000,"MANTA",NA,NA,"MANOVA",NA,NA,NA,NA
"Datos sin transformar","mvnorm",0.05,1000,300,"unequalALT2",3,NA,NA,0,0.0875,1000,"MANTA",0.101,1.08211374282837,"MANOVA",0.176,0.6673264503479,7.5,54.1516245487364
"Transformación logarítmica","mvnorm",0.05,1000,300,"unequalALT2",3,NA,NA,0,0.0875,1000,"MANTA",0.173,1.08197736740112,"MANOVA",0.265,0.654119968414307,9.2,42.0091324200913
"Transformación Centered Log Ratio (clr)","mvnorm",0.05,1000,300,"unequalALT2",3,NA,NA,0,0.0875,1000,"MANTA",0.98,1.6668848991394,"MANOVA",0.999,0.748095989227295,1.9,1.92016169782719
"Transformación raíz cuadrada","mvnorm",0.05,1000,300,"unequalALT2",3,NA,NA,0,0.0875,1000,"MANTA",0.126,1.05777740478516,"MANOVA",0.208,0.70858097076416,8.2,49.1017964071856
"Escalado de datos por desviación típica","mvnorm",0.05,1000,300,"unequalALT2",3,NA,NA,0,0.0875,1000,"MANTA",NA,NA,"MANOVA",NA,NA,NA,NA
"Normalización Min- Max","mvnorm",0.05,1000,300,"unequalALT2",3,NA,NA,0,0.0875,1000,"MANTA",NA,NA,"MANOVA",NA,NA,NA,NA
"Datos sin transformar","mvnorm",0.05,1000,300,"unequalALT2",3,NA,NA,0,0.105,1000,"MANTA",0.13,1.08041548728943,"MANOVA",0.233,0.678438901901245,10.3,56.7493112947658
"Transformación logarítmica","mvnorm",0.05,1000,300,"unequalALT2",3,NA,NA,0,0.105,1000,"MANTA",0.198,1.05976748466492,"MANOVA",0.309,0.663806200027466,11.1,43.7869822485207
"Transformación Centered Log Ratio (clr)","mvnorm",0.05,1000,300,"unequalALT2",3,NA,NA,0,0.105,1000,"MANTA",0.981,1.45887732505798,"MANOVA",0.999,0.782476902008057,1.8,1.81818181818182
"Transformación raíz cuadrada","mvnorm",0.05,1000,300,"unequalALT2",3,NA,NA,0,0.105,1000,"MANTA",0.158,1.07738900184631,"MANOVA",0.251,0.673543930053711,9.3,45.4767726161369
"Escalado de datos por desviación típica","mvnorm",0.05,1000,300,"unequalALT2",3,NA,NA,0,0.105,1000,"MANTA",NA,NA,"MANOVA",NA,NA,NA,NA
"Normalización Min- Max","mvnorm",0.05,1000,300,"unequalALT2",3,NA,NA,0,0.105,1000,"MANTA",NA,NA,"MANOVA",NA,NA,NA,NA
"Datos sin transformar","mvnorm",0.05,1000,300,"unequalALT2",3,NA,NA,0,0.1225,1000,"MANTA",0.165,1.09742593765259,"MANOVA",0.306,0.686155319213867,14.1,59.8726114649682
"Transformación logarítmica","mvnorm",0.05,1000,300,"unequalALT2",3,NA,NA,0,0.1225,1000,"MANTA",0.24,1.04559469223022,"MANOVA",0.375,0.701489925384521,13.5,43.9024390243902
"Transformación Centered Log Ratio (clr)","mvnorm",0.05,1000,300,"unequalALT2",3,NA,NA,0,0.1225,1000,"MANTA",0.981,1.44567966461182,"MANOVA",0.999,0.786349773406982,1.8,1.81818181818182
"Transformación raíz cuadrada","mvnorm",0.05,1000,300,"unequalALT2",3,NA,NA,0,0.1225,1000,"MANTA",0.194,1.00496864318848,"MANOVA",0.313,0.716739177703857,11.9,46.9428007889546
"Escalado de datos por desviación típica","mvnorm",0.05,1000,300,"unequalALT2",3,NA,NA,0,0.1225,1000,"MANTA",NA,NA,"MANOVA",NA,NA,NA,NA
"Normalización Min- Max","mvnorm",0.05,1000,300,"unequalALT2",3,NA,NA,0,0.1225,1000,"MANTA",NA,NA,"MANOVA",NA,NA,NA,NA
"Datos sin transformar","mvnorm",0.05,1000,300,"unequalALT2",3,NA,NA,0,0.14,1000,"MANTA",0.216,1.04754114151001,"MANOVA",0.385,0.687054395675659,16.9,56.2396006655574
"Transformación logarítmica","mvnorm",0.05,1000,300,"unequalALT2",3,NA,NA,0,0.14,1000,"MANTA",0.288,1.04759812355042,"MANOVA",0.449,0.681703567504883,16.1,43.6906377204885
"Transformación Centered Log Ratio (clr)","mvnorm",0.05,1000,300,"unequalALT2",3,NA,NA,0,0.14,1000,"MANTA",0.981,1.47233366966248,"MANOVA",0.999,0.758139371871948,1.8,1.81818181818182
"Transformación raíz cuadrada","mvnorm",0.05,1000,300,"unequalALT2",3,NA,NA,0,0.14,1000,"MANTA",0.231,1.29207444190979,"MANOVA",0.402,0.67180585861206,17.1,54.0284360189574
"Escalado de datos por desviación típica","mvnorm",0.05,1000,300,"unequalALT2",3,NA,NA,0,0.14,1000,"MANTA",NA,NA,"MANOVA",NA,NA,NA,NA
"Normalización Min- Max","mvnorm",0.05,1000,300,"unequalALT2",3,NA,NA,0,0.14,1000,"MANTA",NA,NA,"MANOVA",NA,NA,NA,NA
"Datos sin transformar","mvnorm",0.05,1000,300,"unequalALT2",3,NA,NA,0,0.1575,1000,"MANTA",0.279,1.67407011985779,"MANOVA",0.455,0.669052839279175,17.6,47.9564032697548
"Transformación logarítmica","mvnorm",0.05,1000,300,"unequalALT2",3,NA,NA,0,0.1575,1000,"MANTA",0.348,1.0609450340271,"MANOVA",0.52,0.66509222984314,17.2,39.63133640553
"Transformación Centered Log Ratio (clr)","mvnorm",0.05,1000,300,"unequalALT2",3,NA,NA,0,0.1575,1000,"MANTA",0.981,1.4397337436676,"MANOVA",0.999,0.760290384292603,1.8,1.81818181818182
"Transformación raíz cuadrada","mvnorm",0.05,1000,300,"unequalALT2",3,NA,NA,0,0.1575,1000,"MANTA",0.296,1.04970717430115,"MANOVA",0.484,0.695924520492554,18.8,48.2051282051282
"Escalado de datos por desviación típica","mvnorm",0.05,1000,300,"unequalALT2",3,NA,NA,0,0.1575,1000,"MANTA",NA,NA,"MANOVA",NA,NA,NA,NA
"Normalización Min- Max","mvnorm",0.05,1000,300,"unequalALT2",3,NA,NA,0,0.1575,1000,"MANTA",NA,NA,"MANOVA",NA,NA,NA,NA
"Datos sin transformar","mvnorm",0.05,1000,300,"unequalALT2",3,NA,NA,0,0.175,1000,"MANTA",0.35,1.06755661964417,"MANOVA",0.548,0.680070161819458,19.8,44.097995545657
"Transformación logarítmica","mvnorm",0.05,1000,300,"unequalALT2",3,NA,NA,0,0.175,1000,"MANTA",0.409,1.06227540969849,"MANOVA",0.589,0.674233675003052,18,36.0721442885771
"Transformación Centered Log Ratio (clr)","mvnorm",0.05,1000,300,"unequalALT2",3,NA,NA,0,0.175,1000,"MANTA",0.981,1.45233130455017,"MANOVA",0.999,0.730853080749512,1.8,1.81818181818182
"Transformación raíz cuadrada","mvnorm",0.05,1000,300,"unequalALT2",3,NA,NA,0,0.175,1000,"MANTA",0.366,1.0954155921936,"MANOVA",0.568,0.676457405090332,20.2,43.254817987152
"Escalado de datos por desviación típica","mvnorm",0.05,1000,300,"unequalALT2",3,NA,NA,0,0.175,1000,"MANTA",NA,NA,"MANOVA",NA,NA,NA,NA
"Normalización Min- Max","mvnorm",0.05,1000,300,"unequalALT2",3,NA,NA,0,0.175,1000,"MANTA",NA,NA,"MANOVA",NA,NA,NA,NA
"Datos sin transformar","mvnorm",0.05,1000,300,"unequalALT2",3,NA,NA,0,0.1925,1000,"MANTA",0.427,1.05371904373169,"MANOVA",0.627,0.665154457092285,20,37.9506641366224
"Transformación logarítmica","mvnorm",0.05,1000,300,"unequalALT2",3,NA,NA,0,0.1925,1000,"MANTA",0.495,1.07449293136597,"MANOVA",0.657,0.66224479675293,16.2,28.125
"Transformación Centered Log Ratio (clr)","mvnorm",0.05,1000,300,"unequalALT2",3,NA,NA,0,0.1925,1000,"MANTA",0.98,1.49723505973816,"MANOVA",0.999,0.746345520019531,1.9,1.92016169782719
"Transformación raíz cuadrada","mvnorm",0.05,1000,300,"unequalALT2",3,NA,NA,0,0.1925,1000,"MANTA",0.432,1.05225324630737,"MANOVA",0.635,0.682926416397095,20.3,38.0506091846298
"Escalado de datos por desviación típica","mvnorm",0.05,1000,300,"unequalALT2",3,NA,NA,0,0.1925,1000,"MANTA",NA,NA,"MANOVA",NA,NA,NA,NA
"Normalización Min- Max","mvnorm",0.05,1000,300,"unequalALT2",3,NA,NA,0,0.1925,1000,"MANTA",NA,NA,"MANOVA",NA,NA,NA,NA
"Datos sin transformar","mvnorm",0.05,1000,300,"unequalALT2",3,NA,NA,0,0.21,1000,"MANTA",0.501,1.09438920021057,"MANOVA",0.693,0.688049793243408,19.2,32.1608040201005
"Transformación logarítmica","mvnorm",0.05,1000,300,"unequalALT2",3,NA,NA,0,0.21,1000,"MANTA",0.556,1.05910348892212,"MANOVA",0.71,0.693195104598999,15.4,24.3285939968404
"Transformación Centered Log Ratio (clr)","mvnorm",0.05,1000,300,"unequalALT2",3,NA,NA,0,0.21,1000,"MANTA",0.978,1.45744609832764,"MANOVA",0.999,0.787814617156982,2.1,2.12443095599393
"Transformación raíz cuadrada","mvnorm",0.05,1000,300,"unequalALT2",3,NA,NA,0,0.21,1000,"MANTA",0.521,1.02375054359436,"MANOVA",0.702,0.708765029907227,18.1,29.5993458708095
"Escalado de datos por desviación típica","mvnorm",0.05,1000,300,"unequalALT2",3,NA,NA,0,0.21,1000,"MANTA",NA,NA,"MANOVA",NA,NA,NA,NA
"Normalización Min- Max","mvnorm",0.05,1000,300,"unequalALT2",3,NA,NA,0,0.21,1000,"MANTA",NA,NA,"MANOVA",NA,NA,NA,NA
"Datos sin transformar","mvnorm",0.05,1000,300,"unequalALT2",3,NA,NA,0,0.2275,1000,"MANTA",0.584,1.07340240478516,"MANOVA",0.754,0.685282230377197,17,25.4110612855008
"Transformación logarítmica","mvnorm",0.05,1000,300,"unequalALT2",3,NA,NA,0,0.2275,1000,"MANTA",0.633,1.08006048202515,"MANOVA",0.779,0.674098968505859,14.6,20.6798866855524
"Transformación Centered Log Ratio (clr)","mvnorm",0.05,1000,300,"unequalALT2",3,NA,NA,0,0.2275,1000,"MANTA",0.978,1.45256853103638,"MANOVA",0.999,0.96710729598999,2.1,2.12443095599393
"Transformación raíz cuadrada","mvnorm",0.05,1000,300,"unequalALT2",3,NA,NA,0,0.2275,1000,"MANTA",0.599,1.0506489276886,"MANOVA",0.747,0.66231632232666,14.8,21.9910846953938
"Escalado de datos por desviación típica","mvnorm",0.05,1000,300,"unequalALT2",3,NA,NA,0,0.2275,1000,"MANTA",NA,NA,"MANOVA",NA,NA,NA,NA
"Normalización Min- Max","mvnorm",0.05,1000,300,"unequalALT2",3,NA,NA,0,0.2275,1000,"MANTA",NA,NA,"MANOVA",NA,NA,NA,NA
"Datos sin transformar","mvnorm",0.05,1000,300,"unequalALT2",3,NA,NA,0,0.245,1000,"MANTA",0.666,1.04695844650269,"MANOVA",0.792,0.687375545501709,12.6,17.283950617284
"Transformación logarítmica","mvnorm",0.05,1000,300,"unequalALT2",3,NA,NA,0,0.245,1000,"MANTA",0.703,1.10865426063538,"MANOVA",0.823,0.693203687667847,12,15.7273918741809
"Transformación Centered Log Ratio (clr)","mvnorm",0.05,1000,300,"unequalALT2",3,NA,NA,0,0.245,1000,"MANTA",0.978,1.4334602355957,"MANOVA",0.999,0.775560617446899,2.1,2.12443095599393
"Transformación raíz cuadrada","mvnorm",0.05,1000,300,"unequalALT2",3,NA,NA,0,0.245,1000,"MANTA",0.679,1.0513961315155,"MANOVA",0.801,0.692215919494629,12.2,16.4864864864865
"Escalado de datos por desviación típica","mvnorm",0.05,1000,300,"unequalALT2",3,NA,NA,0,0.245,1000,"MANTA",NA,NA,"MANOVA",NA,NA,NA,NA
"Normalización Min- Max","mvnorm",0.05,1000,300,"unequalALT2",3,NA,NA,0,0.245,1000,"MANTA",NA,NA,"MANOVA",NA,NA,NA,NA
"Datos sin transformar","mvnorm",0.05,1000,300,"unequalALT2",3,NA,NA,0,0.2625,1000,"MANTA",0.747,1.12055516242981,"MANOVA",0.834,0.683117151260376,8.7,11.0056925996205
"Transformación logarítmica","mvnorm",0.05,1000,300,"unequalALT2",3,NA,NA,0,0.2625,1000,"MANTA",0.773,1.08474707603455,"MANOVA",0.858,0.687533617019653,8.5,10.4230533415083
"Transformación Centered Log Ratio (clr)","mvnorm",0.05,1000,300,"unequalALT2",3,NA,NA,0,0.2625,1000,"MANTA",0.98,1.45737814903259,"MANOVA",0.999,0.775357484817505,1.9,1.92016169782719
"Transformación raíz cuadrada","mvnorm",0.05,1000,300,"unequalALT2",3,NA,NA,0,0.2625,1000,"MANTA",0.754,1.07470107078552,"MANOVA",0.846,0.694506406784058,9.2,11.5
"Escalado de datos por desviación típica","mvnorm",0.05,1000,300,"unequalALT2",3,NA,NA,0,0.2625,1000,"MANTA",NA,NA,"MANOVA",NA,NA,NA,NA
"Normalización Min- Max","mvnorm",0.05,1000,300,"unequalALT2",3,NA,NA,0,0.2625,1000,"MANTA",NA,NA,"MANOVA",NA,NA,NA,NA
"Datos sin transformar","mvnorm",0.05,1000,300,"unequalALT2",3,NA,NA,0,0.28,1000,"MANTA",0.796,1.66541695594788,"MANOVA",0.868,0.690449237823486,7.2,8.65384615384615
"Transformación logarítmica","mvnorm",0.05,1000,300,"unequalALT2",3,NA,NA,0,0.28,1000,"MANTA",0.818,1.06434154510498,"MANOVA",0.902,0.667556285858154,8.40000000000001,9.76744186046512
"Transformación Centered Log Ratio (clr)","mvnorm",0.05,1000,300,"unequalALT2",3,NA,NA,0,0.28,1000,"MANTA",0.979,1.46491956710815,"MANOVA",0.999,0.743101835250854,2,2.02224469160769
"Transformación raíz cuadrada","mvnorm",0.05,1000,300,"unequalALT2",3,NA,NA,0,0.28,1000,"MANTA",0.81,1.07245421409607,"MANOVA",0.879,0.72187066078186,6.9,8.17051509769093
"Escalado de datos por desviación típica","mvnorm",0.05,1000,300,"unequalALT2",3,NA,NA,0,0.28,1000,"MANTA",NA,NA,"MANOVA",NA,NA,NA,NA
"Normalización Min- Max","mvnorm",0.05,1000,300,"unequalALT2",3,NA,NA,0,0.28,1000,"MANTA",NA,NA,"MANOVA",NA,NA,NA,NA
"Datos sin transformar","mvnorm",0.05,1000,300,"unequalALT2",3,NA,NA,0,0.2975,1000,"MANTA",0.845,1.09611082077026,"MANOVA",0.898,0.681983470916748,5.3,6.08146873207115
"Transformación logarítmica","mvnorm",0.05,1000,300,"unequalALT2",3,NA,NA,0,0.2975,1000,"MANTA",0.859,1.08860564231873,"MANOVA",0.921,0.695350408554077,6.2,6.96629213483147
"Transformación Centered Log Ratio (clr)","mvnorm",0.05,1000,300,"unequalALT2",3,NA,NA,0,0.2975,1000,"MANTA",0.98,1.44121098518372,"MANOVA",0.999,0.770589113235474,1.9,1.92016169782719
"Transformación raíz cuadrada","mvnorm",0.05,1000,300,"unequalALT2",3,NA,NA,0,0.2975,1000,"MANTA",0.846,1.03910231590271,"MANOVA",0.911,0.717698812484741,6.5,7.39897552646557
"Escalado de datos por desviación típica","mvnorm",0.05,1000,300,"unequalALT2",3,NA,NA,0,0.2975,1000,"MANTA",NA,NA,"MANOVA",NA,NA,NA,NA
"Normalización Min- Max","mvnorm",0.05,1000,300,"unequalALT2",3,NA,NA,0,0.2975,1000,"MANTA",NA,NA,"MANOVA",NA,NA,NA,NA
"Datos sin transformar","mvnorm",0.05,1000,300,"unequalALT2",3,NA,NA,0,0.315,1000,"MANTA",0.897,1.30974364280701,"MANOVA",0.926,0.660983324050903,2.9,3.1815688425672
"Transformación logarítmica","mvnorm",0.05,1000,300,"unequalALT2",3,NA,NA,0,0.315,1000,"MANTA",0.891,1.04890036582947,"MANOVA",0.937,0.64799690246582,4.6,5.0328227571116
"Transformación Centered Log Ratio (clr)","mvnorm",0.05,1000,300,"unequalALT2",3,NA,NA,0,0.315,1000,"MANTA",0.98,1.49245071411133,"MANOVA",0.999,0.703068494796753,1.9,1.92016169782719
"Transformación raíz cuadrada","mvnorm",0.05,1000,300,"unequalALT2",3,NA,NA,0,0.315,1000,"MANTA",0.892,1.08674383163452,"MANOVA",0.932,0.628969192504883,4,4.38596491228071
"Escalado de datos por desviación típica","mvnorm",0.05,1000,300,"unequalALT2",3,NA,NA,0,0.315,1000,"MANTA",NA,NA,"MANOVA",NA,NA,NA,NA
"Normalización Min- Max","mvnorm",0.05,1000,300,"unequalALT2",3,NA,NA,0,0.315,1000,"MANTA",NA,NA,"MANOVA",NA,NA,NA,NA
"Datos sin transformar","mvnorm",0.05,1000,300,"unequalALT2",3,NA,NA,0,0.3325,1000,"MANTA",0.928,1.09582901000977,"MANOVA",0.947,0.704504251480103,1.89999999999999,2.02666666666666
"Transformación logarítmica","mvnorm",0.05,1000,300,"unequalALT2",3,NA,NA,0,0.3325,1000,"MANTA",0.917,1.07333016395569,"MANOVA",0.957,0.650441884994507,3.99999999999999,4.26894343649946
"Transformación Centered Log Ratio (clr)","mvnorm",0.05,1000,300,"unequalALT2",3,NA,NA,0,0.3325,1000,"MANTA",0.981,1.50193572044373,"MANOVA",0.999,0.72421407699585,1.8,1.81818181818182
"Transformación raíz cuadrada","mvnorm",0.05,1000,300,"unequalALT2",3,NA,NA,0,0.3325,1000,"MANTA",0.924,1.07327651977539,"MANOVA",0.949,0.659462690353394,2.49999999999999,2.66951414842498
"Escalado de datos por desviación típica","mvnorm",0.05,1000,300,"unequalALT2",3,NA,NA,0,0.3325,1000,"MANTA",NA,NA,"MANOVA",NA,NA,NA,NA
"Normalización Min- Max","mvnorm",0.05,1000,300,"unequalALT2",3,NA,NA,0,0.3325,1000,"MANTA",NA,NA,"MANOVA",NA,NA,NA,NA
"Datos sin transformar","mvnorm",0.05,1000,300,"unequalALT2",3,NA,NA,0,0.35,1000,"MANTA",0.955,1.0455904006958,"MANOVA",0.96,0.676110506057739,0.5,0.522193211488251
"Transformación logarítmica","mvnorm",0.05,1000,300,"unequalALT2",3,NA,NA,0,0.35,1000,"MANTA",0.947,1.0348916053772,"MANOVA",0.966,0.679190874099731,1.9,1.98640878201778
"Transformación Centered Log Ratio (clr)","mvnorm",0.05,1000,300,"unequalALT2",3,NA,NA,0,0.35,1000,"MANTA",0.981,1.46356058120728,"MANOVA",0.999,0.747215270996094,1.8,1.81818181818182
"Transformación raíz cuadrada","mvnorm",0.05,1000,300,"unequalALT2",3,NA,NA,0,0.35,1000,"MANTA",0.946,1.09398317337036,"MANOVA",0.964,0.670303106307983,1.8,1.8848167539267
"Escalado de datos por desviación típica","mvnorm",0.05,1000,300,"unequalALT2",3,NA,NA,0,0.35,1000,"MANTA",NA,NA,"MANOVA",NA,NA,NA,NA
"Normalización Min- Max","mvnorm",0.05,1000,300,"unequalALT2",3,NA,NA,0,0.35,1000,"MANTA",NA,NA,"MANOVA",NA,NA,NA,NA
